{
  "type": "FeatureCollection",
  "generator": "overpass-turbo",
  "copyright": "The data included in this document is from www.openstreetmap.org. The data is made available under ODbL.",
  "timestamp": "2026-09-16T09:25:28Z",
  "features": [
    {
      "type": "Feature",
      "properties": {
        "@id": "node/254863531",
        "addr:city": "Berlin",
        "addr:country": "DE",
        "addr:suburb": "Neukölln",
        "amenity": "taxi",
        "name": "Dammweg",
        "phone": "+49 30 6848118"
      },
      "geometry": {
        "type": "Point",
        "coordinates": [
          13.4648009,
          52.4705214
        ]
      },
      "id": "node/254863531"
    },
    {
      "type": "Feature",
      "properties": {
        "@id": "node/258080188",
        "amenity": "taxi",
        "check_date": "2023-02-20",
        "name": "Cautius",
        "phone": "+49 30 3354343",
        "toilets:wheelchair": "no",
        "wheelchair": "yes"
      },
      "geometry": {
        "type": "Point",
        "coordinates": [
          13.2081628,
          52.5619629
        ]
      },
      "id": "node/258080188"
    },
    {
      "type": "Feature",
      "properties": {
        "@id": "node/259714808",
        "addr:city": "Berlin",
        "addr:country": "DE",
        "addr:street": "Neuendorfer Straße",
        "amenity": "taxi",
        "name": "Hafenplatz",
        "phone": "+49 30 3337943"
      },
      "geometry": {
        "type": "Point",
        "coordinates": [
          13.2058989,
          52.5415849
        ]
      },
      "id": "node/259714808"
    },
    {
      "type": "Feature",
      "properties": {
        "@id": "node/261083386",
        "amenity": "taxi",
        "name": "Rathaus Spandau",
        "phone": "+49 30 3333770",
        "service_times": "Mo-Su 09:00-21:00"
      },
      "geometry": {
        "type": "Point",
        "coordinates": [
          13.2023249,
          52.5371198
        ]
      },
      "id": "node/261083386"
    },
    {
      "type": "Feature",
      "properties": {
        "@id": "node/267093407",
        "addr:city": "Berlin",
        "addr:country": "DE",
        "addr:housenumber": "12",
        "addr:postcode": "12621",
        "addr:street": "Heinrich-Grüber-Straße",
        "addr:suburb": "Kaulsdorf",
        "amenity": "taxi",
        "capacity": "4",
        "name": "Bhf. Kaulsdorf",
        "phone": "+49 30 5627031"
      },
      "geometry": {
        "type": "Point",
        "coordinates": [
          13.5890603,
          52.51276
        ]
      },
      "id": "node/267093407"
    },
    {
      "type": "Feature",
      "properties": {
        "@id": "node/271330610",
        "addr:city": "Berlin",
        "addr:country": "DE",
        "addr:suburb": "Mahlsdorf",
        "amenity": "taxi",
        "capacity": "2",
        "name": "Bhf. Mahlsdorf",
        "phone": "+49 30 5638550"
      },
      "geometry": {
        "type": "Point",
        "coordinates": [
          13.6120701,
          52.5124476
        ]
      },
      "id": "node/271330610"
    },
    {
      "type": "Feature",
      "properties": {
        "@id": "node/271330970",
        "amenity": "taxi",
        "capacity": "7",
        "name": "Bhf. Wuhletal"
      },
      "geometry": {
        "type": "Point",
        "coordinates": [
          13.5757747,
          52.5130672
        ]
      },
      "id": "node/271330970"
    },
    {
      "type": "Feature",
      "properties": {
        "@id": "node/276904165",
        "amenity": "taxi",
        "check_date": "2026-05-12",
        "name": "Dorint Novotel Berlin am Tiergarten"
      },
      "geometry": {
        "type": "Point",
        "coordinates": [
          13.3348623,
          52.5137529
        ]
      },
      "id": "node/276904165"
    },
    {
      "type": "Feature",
      "properties": {
        "@id": "node/278887998",
        "addr:city": "Berlin",
        "addr:country": "DE",
        "addr:postcode": "10247",
        "addr:street": "Weserstraße",
        "amenity": "taxi",
        "capacity": "8",
        "check_date": "2023-04-22",
        "name": "Wismarplatz"
      },
      "geometry": {
        "type": "Point",
        "coordinates": [
          13.4636841,
          52.5112841
        ]
      },
      "id": "node/278887998"
    },
    {
      "type": "Feature",
      "properties": {
        "@id": "node/281389206",
        "addr:city": "Berlin",
        "addr:country": "DE",
        "addr:suburb": "Rummelsburg",
        "amenity": "taxi",
        "name": "Bhf. Lichtenberg",
        "phone": "+49 30 5224740"
      },
      "geometry": {
        "type": "Point",
        "coordinates": [
          13.4975567,
          52.5093436
        ]
      },
      "id": "node/281389206"
    },
    {
      "type": "Feature",
      "properties": {
        "@id": "node/283183321",
        "addr:city": "Berlin",
        "addr:country": "DE",
        "amenity": "taxi",
        "name": "U-Bahnhof Blaschko / Buschkrug",
        "phone": "+49 30 6019228"
      },
      "geometry": {
        "type": "Point",
        "coordinates": [
          13.4493735,
          52.4525826
        ]
      },
      "id": "node/283183321"
    },
    {
      "type": "Feature",
      "properties": {
        "@id": "node/285985509",
        "addr:city": "Berlin",
        "addr:country": "DE",
        "addr:suburb": "Lichtenberg",
        "amenity": "taxi",
        "name": "Freiaplatz",
        "phone": "+49 30 55009006"
      },
      "geometry": {
        "type": "Point",
        "coordinates": [
          13.4984188,
          52.5164225
        ]
      },
      "id": "node/285985509"
    },
    {
      "type": "Feature",
      "properties": {
        "@id": "node/299210248",
        "amenity": "taxi",
        "name": "Lankwitz Kirche",
        "phone": "+49 30 7742828"
      },
      "geometry": {
        "type": "Point",
        "coordinates": [
          13.3451257,
          52.4358021
        ]
      },
      "id": "node/299210248"
    },
    {
      "type": "Feature",
      "properties": {
        "@id": "node/301144030",
        "amenity": "taxi",
        "name": "Lichterfelde Ost",
        "phone": "+49 30 7721059"
      },
      "geometry": {
        "type": "Point",
        "coordinates": [
          13.3290274,
          52.4290067
        ]
      },
      "id": "node/301144030"
    },
    {
      "type": "Feature",
      "properties": {
        "@id": "node/302588490",
        "amenity": "taxi",
        "capacity": "5",
        "name": "Bornholmer / Schönhauser",
        "phone": "+49 30 4469248"
      },
      "geometry": {
        "type": "Point",
        "coordinates": [
          13.4137823,
          52.5535965
        ]
      },
      "id": "node/302588490"
    },
    {
      "type": "Feature",
      "properties": {
        "@id": "node/302588687",
        "amenity": "taxi",
        "name": "Campus Virchow Krankenhaus (Seestraße)",
        "phone": "+49 30 45073348"
      },
      "geometry": {
        "type": "Point",
        "coordinates": [
          13.3385865,
          52.5431526
        ]
      },
      "id": "node/302588687"
    },
    {
      "type": "Feature",
      "properties": {
        "@id": "node/304417146",
        "amenity": "taxi",
        "name": "Bhf. Wannsee",
        "phone": "+49 30 8035335"
      },
      "geometry": {
        "type": "Point",
        "coordinates": [
          13.1784657,
          52.4213249
        ]
      },
      "id": "node/304417146"
    },
    {
      "type": "Feature",
      "properties": {
        "@id": "node/308003237",
        "addr:city": "Berlin",
        "addr:country": "DE",
        "amenity": "taxi",
        "name": "Scholzplatz",
        "phone": "+49 30 3044849"
      },
      "geometry": {
        "type": "Point",
        "coordinates": [
          13.2283366,
          52.506308
        ]
      },
      "id": "node/308003237"
    },
    {
      "type": "Feature",
      "properties": {
        "@id": "node/308815066",
        "addr:city": "Berlin",
        "addr:country": "DE",
        "addr:postcode": "10439",
        "addr:street": "Dänenstraße",
        "addr:suburb": "Prenzlauer Berg",
        "amenity": "taxi",
        "name": "Dänen / Schönhauser Allee"
      },
      "geometry": {
        "type": "Point",
        "coordinates": [
          13.413551,
          52.5498132
        ]
      },
      "id": "node/308815066"
    },
    {
      "type": "Feature",
      "properties": {
        "@id": "node/310355911",
        "amenity": "taxi",
        "check_date": "2023-06-06",
        "name": "Leibniz / Ku-damm"
      },
      "geometry": {
        "type": "Point",
        "coordinates": [
          13.3125489,
          52.5005442
        ]
      },
      "id": "node/310355911"
    },
    {
      "type": "Feature",
      "properties": {
        "@id": "node/310356047",
        "amenity": "taxi",
        "name": "Schlüterstraße / Kurfürstendamm",
        "phone": "+49 30 8811546"
      },
      "geometry": {
        "type": "Point",
        "coordinates": [
          13.3167222,
          52.5014094
        ]
      },
      "id": "node/310356047"
    },
    {
      "type": "Feature",
      "properties": {
        "@id": "node/310666832",
        "amenity": "taxi",
        "check_date": "2023-07-25",
        "name": "Café Kranzler"
      },
      "geometry": {
        "type": "Point",
        "coordinates": [
          13.3311679,
          52.5042037
        ]
      },
      "id": "node/310666832"
    },
    {
      "type": "Feature",
      "properties": {
        "@id": "node/312192655",
        "amenity": "taxi",
        "check_date": "2026-05-15",
        "name": "Adenauer"
      },
      "geometry": {
        "type": "Point",
        "coordinates": [
          13.3067334,
          52.5001737
        ]
      },
      "id": "node/312192655"
    },
    {
      "type": "Feature",
      "properties": {
        "@id": "node/313583861",
        "amenity": "taxi",
        "name": "Dahlem Dorf",
        "phone": "+49 30 8324183"
      },
      "geometry": {
        "type": "Point",
        "coordinates": [
          13.2904084,
          52.4576903
        ]
      },
      "id": "node/313583861"
    },
    {
      "type": "Feature",
      "properties": {
        "@id": "node/313818481",
        "amenity": "taxi",
        "capacity": "2",
        "check_date": "2023-07-25",
        "name": "Meineke / Ku-damm"
      },
      "geometry": {
        "type": "Point",
        "coordinates": [
          13.3292725,
          52.5031261
        ]
      },
      "id": "node/313818481"
    },
    {
      "type": "Feature",
      "properties": {
        "@id": "node/315347284",
        "addr:city": "Berlin",
        "addr:country": "DE",
        "addr:suburb": "Lichterfelde",
        "amenity": "taxi",
        "check_date": "2025-03-18",
        "name": "Wiesenbaude",
        "phone": "+49 30 8338066"
      },
      "geometry": {
        "type": "Point",
        "coordinates": [
          13.3099363,
          52.4318056
        ]
      },
      "id": "node/315347284"
    },
    {
      "type": "Feature",
      "properties": {
        "@id": "node/315796988",
        "amenity": "taxi",
        "capacity": "6",
        "check_date": "2024-03-09",
        "name": "Uhland / Paris"
      },
      "geometry": {
        "type": "Point",
        "coordinates": [
          13.3238029,
          52.497049
        ]
      },
      "id": "node/315796988"
    },
    {
      "type": "Feature",
      "properties": {
        "@id": "node/316533823",
        "amenity": "taxi",
        "name": "Johann-Georg",
        "phone": "+49 30 8916832"
      },
      "geometry": {
        "type": "Point",
        "coordinates": [
          13.2964072,
          52.4976294
        ]
      },
      "id": "node/316533823"
    },
    {
      "type": "Feature",
      "properties": {
        "@id": "node/317190476",
        "amenity": "taxi",
        "capacity": "4",
        "name": "Fasanenstr / Kurfürstendamm",
        "phone": "+49 30 8815220"
      },
      "geometry": {
        "type": "Point",
        "coordinates": [
          13.327393,
          52.5031658
        ]
      },
      "id": "node/317190476"
    },
    {
      "type": "Feature",
      "properties": {
        "@id": "node/317193126",
        "amenity": "taxi",
        "capacity": "6",
        "name": "Grolman / Uhland"
      },
      "geometry": {
        "type": "Point",
        "coordinates": [
          13.3248937,
          52.5028535
        ]
      },
      "id": "node/317193126"
    },
    {
      "type": "Feature",
      "properties": {
        "@id": "node/320856611",
        "addr:city": "Berlin",
        "addr:country": "DE",
        "amenity": "taxi",
        "name": "Holzhauser",
        "phone": "+49 30 4322055"
      },
      "geometry": {
        "type": "Point",
        "coordinates": [
          13.2951245,
          52.5759427
        ]
      },
      "id": "node/320856611"
    },
    {
      "type": "Feature",
      "properties": {
        "@id": "node/321662948",
        "addr:city": "Berlin",
        "addr:country": "DE",
        "amenity": "taxi",
        "name": "Kurt-Schumacher",
        "phone": "+49 30 4963998"
      },
      "geometry": {
        "type": "Point",
        "coordinates": [
          13.3270308,
          52.5629613
        ]
      },
      "id": "node/321662948"
    },
    {
      "type": "Feature",
      "properties": {
        "@id": "node/323231141",
        "amenity": "taxi",
        "name": "International",
        "phone": "+49 30 2424464"
      },
      "geometry": {
        "type": "Point",
        "coordinates": [
          13.4233496,
          52.5203622
        ]
      },
      "id": "node/323231141"
    },
    {
      "type": "Feature",
      "properties": {
        "@id": "node/323800936",
        "addr:city": "Berlin",
        "addr:country": "DE",
        "addr:postcode": "10551",
        "addr:street": "Turmstraße",
        "addr:suburb": "Moabit",
        "amenity": "taxi",
        "capacity": "4",
        "name": "Wald / Turm",
        "phone": "+49 30 3964267"
      },
      "geometry": {
        "type": "Point",
        "coordinates": [
          13.3304039,
          52.5274235
        ]
      },
      "id": "node/323800936"
    },
    {
      "type": "Feature",
      "properties": {
        "@id": "node/330263977",
        "amenity": "taxi",
        "name": "Rosenthaler",
        "phone": "+49 30 28384770"
      },
      "geometry": {
        "type": "Point",
        "coordinates": [
          13.4007589,
          52.5295039
        ]
      },
      "id": "node/330263977"
    },
    {
      "type": "Feature",
      "properties": {
        "@id": "node/340126126",
        "amenity": "taxi",
        "name": "Savigny",
        "phone": "+49 30 3121161"
      },
      "geometry": {
        "type": "Point",
        "coordinates": [
          13.3217006,
          52.5060313
        ]
      },
      "id": "node/340126126"
    },
    {
      "type": "Feature",
      "properties": {
        "@id": "node/344664039",
        "addr:city": "Berlin",
        "addr:country": "DE",
        "amenity": "taxi",
        "name": "Schäfersee",
        "phone": "+49 30 4554044"
      },
      "geometry": {
        "type": "Point",
        "coordinates": [
          13.3639062,
          52.5640222
        ]
      },
      "id": "node/344664039"
    },
    {
      "type": "Feature",
      "properties": {
        "@id": "node/345806446",
        "addr:city": "Berlin",
        "addr:country": "DE",
        "addr:housenumber": "1",
        "addr:postcode": "12205",
        "addr:street": "Baseler Straße",
        "addr:suburb": "Lichterfelde",
        "amenity": "taxi",
        "motorcar": "yes",
        "name": "Lichterfelde West",
        "phone": "+49 30 8332000",
        "service_times": "24/7"
      },
      "geometry": {
        "type": "Point",
        "coordinates": [
          13.2952337,
          52.4430134
        ]
      },
      "id": "node/345806446"
    },
    {
      "type": "Feature",
      "properties": {
        "@id": "node/348052908",
        "addr:city": "Berlin",
        "addr:country": "DE",
        "addr:suburb": "Zehlendorf",
        "amenity": "taxi",
        "name": "Mexikoplatz",
        "phone": "+49 30 8018829"
      },
      "geometry": {
        "type": "Point",
        "coordinates": [
          13.2328699,
          52.4375749
        ]
      },
      "id": "node/348052908"
    },
    {
      "type": "Feature",
      "properties": {
        "@id": "node/349012153",
        "amenity": "taxi",
        "capacity": "8",
        "check_date": "2023-09-22",
        "name": "Kant / Wilmersdorf"
      },
      "geometry": {
        "type": "Point",
        "coordinates": [
          13.3071387,
          52.5067338
        ]
      },
      "id": "node/349012153"
    },
    {
      "type": "Feature",
      "properties": {
        "@id": "node/354060604",
        "amenity": "taxi",
        "name": "Platz der Luftbrücke",
        "phone": "+49 30 7856025"
      },
      "geometry": {
        "type": "Point",
        "coordinates": [
          13.3844848,
          52.4850791
        ]
      },
      "id": "node/354060604"
    },
    {
      "type": "Feature",
      "properties": {
        "@id": "node/355618401",
        "amenity": "taxi",
        "capacity": "4",
        "check_date": "2023-03-27",
        "name": "Schweden / Oslo"
      },
      "geometry": {
        "type": "Point",
        "coordinates": [
          13.3733596,
          52.5572433
        ]
      },
      "id": "node/355618401"
    },
    {
      "type": "Feature",
      "properties": {
        "@id": "node/361001235",
        "amenity": "taxi",
        "check_date": "2023-07-02",
        "name": "Heer / Magi",
        "phone": "+49 30 3636133"
      },
      "geometry": {
        "type": "Point",
        "coordinates": [
          13.1624713,
          52.5203194
        ]
      },
      "id": "node/361001235"
    },
    {
      "type": "Feature",
      "properties": {
        "@id": "node/361001237",
        "addr:country": "DE",
        "addr:suburb": "Wilhelmstadt",
        "amenity": "taxi",
        "check_date": "2025-08-23",
        "name": "Alt-Pichelsdorf",
        "phone": "+49 30 3612121"
      },
      "geometry": {
        "type": "Point",
        "coordinates": [
          13.1971904,
          52.5128364
        ]
      },
      "id": "node/361001237"
    },
    {
      "type": "Feature",
      "properties": {
        "@id": "node/361001238",
        "addr:city": "Berlin",
        "addr:country": "DE",
        "amenity": "taxi",
        "name": "Theodor-Heuss / Heuss Säule",
        "phone": "+49 30 3023292"
      },
      "geometry": {
        "type": "Point",
        "coordinates": [
          13.2744209,
          52.5096963
        ]
      },
      "id": "node/361001238"
    },
    {
      "type": "Feature",
      "properties": {
        "@id": "node/361267254",
        "addr:city": "Berlin",
        "addr:postcode": "12435",
        "addr:street": "Puschkinallee",
        "amenity": "taxi",
        "check_date": "2026-07-31",
        "name": "Puschkinallee / Elsenstraße",
        "phone": "+49 30 5337821"
      },
      "geometry": {
        "type": "Point",
        "coordinates": [
          13.4585502,
          52.4927451
        ]
      },
      "id": "node/361267254"
    },
    {
      "type": "Feature",
      "properties": {
        "@id": "node/364664924",
        "addr:housenumber": "8",
        "addr:postcode": "12157",
        "addr:street": "Canovastraße",
        "amenity": "taxi",
        "capacity": "6",
        "name": "Canova / AVK",
        "phone": "+49 30 7963163"
      },
      "geometry": {
        "type": "Point",
        "coordinates": [
          13.3444798,
          52.4631411
        ]
      },
      "id": "node/364664924"
    },
    {
      "type": "Feature",
      "properties": {
        "@id": "node/369601773",
        "amenity": "taxi",
        "name": "Grand Hotel",
        "name:de": "Grand Hotel",
        "name:uk": "Ґранд Готель"
      },
      "geometry": {
        "type": "Point",
        "coordinates": [
          13.3888482,
          52.5159475
        ]
      },
      "id": "node/369601773"
    },
    {
      "type": "Feature",
      "properties": {
        "@id": "node/369602118",
        "amenity": "taxi",
        "name": "Sophie-Charlotte",
        "phone": "+49 30 3236422"
      },
      "geometry": {
        "type": "Point",
        "coordinates": [
          13.2974962,
          52.5106087
        ]
      },
      "id": "node/369602118"
    },
    {
      "type": "Feature",
      "properties": {
        "@id": "way/379986572",
        "alt_name": "Hammarskjöldplatz 3",
        "amenity": "taxi",
        "name": "Messe Palais",
        "@geometry": "center"
      },
      "geometry": {
        "type": "Point",
        "coordinates": [
          13.2744718,
          52.5070683
        ]
      },
      "id": "way/379986572"
    },
    {
      "type": "Feature",
      "properties": {
        "@id": "node/391307325",
        "addr:city": "Berlin",
        "addr:country": "DE",
        "amenity": "taxi",
        "capacity": "4",
        "check_date": "2023-04-23",
        "name": "Hohenschönhauser Tor"
      },
      "geometry": {
        "type": "Point",
        "coordinates": [
          13.4723476,
          52.5359117
        ]
      },
      "id": "node/391307325"
    },
    {
      "type": "Feature",
      "properties": {
        "@id": "node/391307444",
        "addr:city": "Berlin",
        "addr:country": "DE",
        "addr:suburb": "Alt-Hohenschönhausen",
        "amenity": "taxi",
        "name": "Degner",
        "phone": "+49 30 98697524"
      },
      "geometry": {
        "type": "Point",
        "coordinates": [
          13.494083,
          52.5451998
        ]
      },
      "id": "node/391307444"
    },
    {
      "type": "Feature",
      "properties": {
        "@id": "node/391307782",
        "addr:city": "Berlin",
        "addr:country": "DE",
        "addr:suburb": "Neu-Hohenschönhausen",
        "amenity": "taxi",
        "name": "Prerower Platz",
        "phone": "+49 30 9284066"
      },
      "geometry": {
        "type": "Point",
        "coordinates": [
          13.5041612,
          52.5638954
        ]
      },
      "id": "node/391307782"
    },
    {
      "type": "Feature",
      "properties": {
        "@id": "node/391307944",
        "amenity": "taxi",
        "check_date": "2023-07-06",
        "name": "FEZ"
      },
      "geometry": {
        "type": "Point",
        "coordinates": [
          13.5425661,
          52.4579599
        ]
      },
      "id": "node/391307944"
    },
    {
      "type": "Feature",
      "properties": {
        "@id": "node/394607285",
        "amenity": "taxi",
        "name": "Innsbrucker Platz",
        "phone": "+49 30 8535002"
      },
      "geometry": {
        "type": "Point",
        "coordinates": [
          13.3427442,
          52.4784292
        ]
      },
      "id": "node/394607285"
    },
    {
      "type": "Feature",
      "properties": {
        "@id": "node/400912249",
        "amenity": "taxi",
        "name": "Hugenottenplatz",
        "phone": "+49 30 47411499"
      },
      "geometry": {
        "type": "Point",
        "coordinates": [
          13.4220523,
          52.6069232
        ]
      },
      "id": "node/400912249"
    },
    {
      "type": "Feature",
      "properties": {
        "@id": "node/410229306",
        "amenity": "taxi",
        "name": "Nollendorfplatz",
        "phone": "+49 30 216 27 45"
      },
      "geometry": {
        "type": "Point",
        "coordinates": [
          13.3519517,
          52.4996924
        ]
      },
      "id": "node/410229306"
    },
    {
      "type": "Feature",
      "properties": {
        "@id": "node/412413979",
        "amenity": "taxi",
        "name": "Kaiser-Wilhelm",
        "phone": "+49 30 7815337"
      },
      "geometry": {
        "type": "Point",
        "coordinates": [
          13.3575689,
          52.4874965
        ]
      },
      "id": "node/412413979"
    },
    {
      "type": "Feature",
      "properties": {
        "@id": "node/419216791",
        "addr:city": "Berlin",
        "addr:country": "DE",
        "addr:suburb": "Siemensstadt",
        "amenity": "taxi",
        "name": "Siemensstadt",
        "phone": "+49 30 3822023",
        "wheelchair": "yes"
      },
      "geometry": {
        "type": "Point",
        "coordinates": [
          13.2721925,
          52.5366641
        ]
      },
      "id": "node/419216791"
    },
    {
      "type": "Feature",
      "properties": {
        "@id": "way/428036217",
        "amenity": "taxi",
        "name": "Bhf. Südkreuz West",
        "@geometry": "center"
      },
      "geometry": {
        "type": "Point",
        "coordinates": [
          13.3638695,
          52.4762928
        ]
      },
      "id": "way/428036217"
    },
    {
      "type": "Feature",
      "properties": {
        "@id": "node/439655273",
        "addr:city": "Berlin",
        "addr:country": "DE",
        "amenity": "taxi",
        "name": "Bhf. Grünau",
        "phone": "+49 30 6744443"
      },
      "geometry": {
        "type": "Point",
        "coordinates": [
          13.5738802,
          52.4137629
        ]
      },
      "id": "node/439655273"
    },
    {
      "type": "Feature",
      "properties": {
        "@id": "node/441569633",
        "addr:city": "Berlin",
        "addr:country": "DE",
        "amenity": "taxi",
        "name": "Weißenseer Weg",
        "phone": "+49 30 9754162"
      },
      "geometry": {
        "type": "Point",
        "coordinates": [
          13.4762385,
          52.5325684
        ]
      },
      "id": "node/441569633"
    },
    {
      "type": "Feature",
      "properties": {
        "@id": "node/443250655",
        "addr:city": "Berlin",
        "addr:country": "DE",
        "addr:suburb": "Weißensee",
        "amenity": "taxi",
        "name": "Antonplatz",
        "phone": "+49 30 9651196"
      },
      "geometry": {
        "type": "Point",
        "coordinates": [
          13.4510073,
          52.5488791
        ]
      },
      "id": "node/443250655"
    },
    {
      "type": "Feature",
      "properties": {
        "@id": "node/448296245",
        "addr:country": "DE",
        "amenity": "taxi",
        "name": "Adam Betcke"
      },
      "geometry": {
        "type": "Point",
        "coordinates": [
          13.1981526,
          52.5211356
        ]
      },
      "id": "node/448296245"
    },
    {
      "type": "Feature",
      "properties": {
        "@id": "node/450310349",
        "addr:city": "Berlin",
        "addr:country": "DE",
        "addr:suburb": "Karlshorst",
        "amenity": "taxi",
        "name": "Bhf. Karlshorst",
        "phone": "+49305088171"
      },
      "geometry": {
        "type": "Point",
        "coordinates": [
          13.5260017,
          52.4814649
        ]
      },
      "id": "node/450310349"
    },
    {
      "type": "Feature",
      "properties": {
        "@id": "node/450705819",
        "addr:city": "Berlin",
        "addr:country": "DE",
        "addr:suburb": "Marzahn",
        "amenity": "taxi",
        "name": "Straßenbahnhof Marzahn"
      },
      "geometry": {
        "type": "Point",
        "coordinates": [
          13.5820364,
          52.5490122
        ]
      },
      "id": "node/450705819"
    },
    {
      "type": "Feature",
      "properties": {
        "@id": "node/451822776",
        "addr:city": "Berlin",
        "addr:country": "DE",
        "addr:suburb": "Niederschönhausen",
        "amenity": "taxi",
        "name": "Pastor-Niemöller-Platz",
        "phone": "+49 30 4867007"
      },
      "geometry": {
        "type": "Point",
        "coordinates": [
          13.397515,
          52.5792449
        ]
      },
      "id": "node/451822776"
    },
    {
      "type": "Feature",
      "properties": {
        "@id": "node/452645286",
        "amenity": "taxi",
        "name": "Saargemünder",
        "phone": "+49 30 8326811"
      },
      "geometry": {
        "type": "Point",
        "coordinates": [
          13.2714441,
          52.4507772
        ]
      },
      "id": "node/452645286"
    },
    {
      "type": "Feature",
      "properties": {
        "@id": "node/457506476",
        "amenity": "taxi",
        "name": "Petersburger / Landsberger",
        "phone": "+49 30 4267001"
      },
      "geometry": {
        "type": "Point",
        "coordinates": [
          13.4477623,
          52.5256916
        ]
      },
      "id": "node/457506476"
    },
    {
      "type": "Feature",
      "properties": {
        "@id": "node/466489849",
        "amenity": "taxi",
        "name": "Siegfried / Hermann",
        "phone": "+49 30 6259029"
      },
      "geometry": {
        "type": "Point",
        "coordinates": [
          13.4315042,
          52.4678553
        ]
      },
      "id": "node/466489849"
    },
    {
      "type": "Feature",
      "properties": {
        "@id": "node/469200595",
        "amenity": "taxi",
        "capacity": "7",
        "check_date": "2023-07-10",
        "name": "Pankow-Kirche"
      },
      "geometry": {
        "type": "Point",
        "coordinates": [
          13.4111819,
          52.5712282
        ]
      },
      "id": "node/469200595"
    },
    {
      "type": "Feature",
      "properties": {
        "@id": "node/469752800",
        "addr:city": "Berlin",
        "addr:country": "DE",
        "addr:postcode": "10365",
        "addr:street": "Möllendorffstraße",
        "addr:suburb": "Lichtenberg",
        "amenity": "taxi",
        "contact:phone": "+49 30 5589879",
        "name": "Möllendorff"
      },
      "geometry": {
        "type": "Point",
        "coordinates": [
          13.4771998,
          52.513894
        ]
      },
      "id": "node/469752800"
    },
    {
      "type": "Feature",
      "properties": {
        "@id": "node/469876949",
        "addr:city": "Berlin",
        "addr:country": "DE",
        "addr:suburb": "Charlottenburg",
        "amenity": "taxi",
        "name": "Richard-Wagner",
        "phone": "+49 30 3416908"
      },
      "geometry": {
        "type": "Point",
        "coordinates": [
          13.3063111,
          52.5178023
        ]
      },
      "id": "node/469876949"
    },
    {
      "type": "Feature",
      "properties": {
        "@id": "node/472583760",
        "amenity": "taxi",
        "name": "Bhf. Lichtenrade",
        "phone": "+49 30 7446343"
      },
      "geometry": {
        "type": "Point",
        "coordinates": [
          13.3987588,
          52.3864227
        ]
      },
      "id": "node/472583760"
    },
    {
      "type": "Feature",
      "properties": {
        "@id": "node/492366425",
        "addr:city": "Berlin",
        "addr:country": "DE",
        "addr:suburb": "Steglitz",
        "amenity": "taxi",
        "capacity": "9",
        "name": "Stephanstraße",
        "phone": "+49 30 7961954"
      },
      "geometry": {
        "type": "Point",
        "coordinates": [
          13.3427254,
          52.4468589
        ]
      },
      "id": "node/492366425"
    },
    {
      "type": "Feature",
      "properties": {
        "@id": "node/492366460",
        "amenity": "taxi",
        "capacity": "3",
        "check_date": "2026-01-11",
        "name": "Steglitz / Bismarck"
      },
      "geometry": {
        "type": "Point",
        "coordinates": [
          13.3379798,
          52.4513859
        ]
      },
      "id": "node/492366460"
    },
    {
      "type": "Feature",
      "properties": {
        "@id": "node/505730734",
        "addr:city": "Berlin",
        "addr:country": "DE",
        "addr:suburb": "Oberschöneweide",
        "amenity": "taxi",
        "capacity": "5",
        "name": "Rathenau",
        "phone": "+49 30 53013209"
      },
      "geometry": {
        "type": "Point",
        "coordinates": [
          13.5267624,
          52.4585282
        ]
      },
      "id": "node/505730734"
    },
    {
      "type": "Feature",
      "properties": {
        "@id": "node/505958286",
        "addr:city": "Berlin",
        "addr:country": "DE",
        "addr:postcode": "10961",
        "addr:street": "Mehringdamm",
        "amenity": "taxi",
        "name": "Yorck / Mehring",
        "phone": "+49 30 2510606"
      },
      "geometry": {
        "type": "Point",
        "coordinates": [
          13.3878049,
          52.4934787
        ]
      },
      "id": "node/505958286"
    },
    {
      "type": "Feature",
      "properties": {
        "@id": "node/525499133",
        "addr:city": "Berlin",
        "addr:country": "DE",
        "addr:suburb": "Tegel",
        "amenity": "taxi",
        "phone": "+49 30 4339994"
      },
      "geometry": {
        "type": "Point",
        "coordinates": [
          13.2821447,
          52.5907207
        ]
      },
      "id": "node/525499133"
    },
    {
      "type": "Feature",
      "properties": {
        "@id": "node/526681506",
        "amenity": "taxi",
        "contact:phone": "+49 30 3911344",
        "name": "Hansaplatz"
      },
      "geometry": {
        "type": "Point",
        "coordinates": [
          13.3426353,
          52.5177959
        ]
      },
      "id": "node/526681506"
    },
    {
      "type": "Feature",
      "properties": {
        "@id": "node/527504909",
        "amenity": "taxi",
        "phone": "+49 30 8214182"
      },
      "geometry": {
        "type": "Point",
        "coordinates": [
          13.3117205,
          52.4795038
        ]
      },
      "id": "node/527504909"
    },
    {
      "type": "Feature",
      "properties": {
        "@id": "node/528635055",
        "addr:city": "Berlin",
        "addr:country": "DE",
        "addr:suburb": "Altglienicke",
        "amenity": "taxi",
        "name": "Altglienicke Nord",
        "phone": "+49 30 67898044"
      },
      "geometry": {
        "type": "Point",
        "coordinates": [
          13.5395256,
          52.4215742
        ]
      },
      "id": "node/528635055"
    },
    {
      "type": "Feature",
      "properties": {
        "@id": "node/539491905",
        "amenity": "taxi",
        "capacity": "5",
        "name": "Bhf. Baumschulenweg",
        "phone": "+49 30 5328971"
      },
      "geometry": {
        "type": "Point",
        "coordinates": [
          13.4901034,
          52.4677327
        ]
      },
      "id": "node/539491905"
    },
    {
      "type": "Feature",
      "properties": {
        "@id": "node/540332347",
        "addr:city": "Berlin",
        "addr:country": "DE",
        "amenity": "taxi",
        "name": "Fehrbelliner",
        "phone": "+49 30 8619188"
      },
      "geometry": {
        "type": "Point",
        "coordinates": [
          13.3143701,
          52.4907213
        ]
      },
      "id": "node/540332347"
    },
    {
      "type": "Feature",
      "properties": {
        "@id": "node/554166358",
        "amenity": "taxi",
        "name": "Augustenburger Platz",
        "phone": "+49 30 4537400"
      },
      "geometry": {
        "type": "Point",
        "coordinates": [
          13.3481737,
          52.5424115
        ]
      },
      "id": "node/554166358"
    },
    {
      "type": "Feature",
      "properties": {
        "@id": "node/561295379",
        "addr:city": "Berlin",
        "addr:country": "DE",
        "amenity": "taxi",
        "call_box": "yes",
        "capacity": "9",
        "name": "Grimm / Urban",
        "phone": "+49 30 6918156"
      },
      "geometry": {
        "type": "Point",
        "coordinates": [
          13.4126973,
          52.4922336
        ]
      },
      "id": "node/561295379"
    },
    {
      "type": "Feature",
      "properties": {
        "@id": "node/565861017",
        "addr:suburb": "Waidmannslust",
        "amenity": "taxi",
        "name": "Zabel-Krüger",
        "phone": "+49 30 4024060"
      },
      "geometry": {
        "type": "Point",
        "coordinates": [
          13.3246959,
          52.6081925
        ]
      },
      "id": "node/565861017"
    },
    {
      "type": "Feature",
      "properties": {
        "@id": "node/567897622",
        "amenity": "taxi",
        "name": "Waldsassen",
        "phone": "+49 30 7216060"
      },
      "geometry": {
        "type": "Point",
        "coordinates": [
          13.3508082,
          52.4143052
        ]
      },
      "id": "node/567897622"
    },
    {
      "type": "Feature",
      "properties": {
        "@id": "node/576171158",
        "amenity": "taxi",
        "check_date": "2023-08-19",
        "name": "Motz / Luther"
      },
      "geometry": {
        "type": "Point",
        "coordinates": [
          13.3457159,
          52.4969173
        ]
      },
      "id": "node/576171158"
    },
    {
      "type": "Feature",
      "properties": {
        "@id": "node/617980601",
        "amenity": "taxi",
        "check_date": "2024-02-08",
        "name": "Gesundbrunnen",
        "phone": "+49 30 4935335"
      },
      "geometry": {
        "type": "Point",
        "coordinates": [
          13.3884657,
          52.5487276
        ]
      },
      "id": "node/617980601"
    },
    {
      "type": "Feature",
      "properties": {
        "@id": "node/621584925",
        "addr:city": "Berlin",
        "addr:country": "DE",
        "amenity": "taxi",
        "name": "Britz-Süd / Gutschmidt",
        "phone": "+49 30 6012637"
      },
      "geometry": {
        "type": "Point",
        "coordinates": [
          13.4474262,
          52.4373369
        ]
      },
      "id": "node/621584925"
    },
    {
      "type": "Feature",
      "properties": {
        "@id": "node/636005019",
        "amenity": "taxi",
        "name": "Elsterplatz",
        "phone": "+49 30 8264147"
      },
      "geometry": {
        "type": "Point",
        "coordinates": [
          13.2856735,
          52.4795438
        ]
      },
      "id": "node/636005019"
    },
    {
      "type": "Feature",
      "properties": {
        "@id": "node/638322748",
        "addr:city": "Berlin",
        "addr:country": "DE",
        "addr:postcode": "12489",
        "addr:street": "Platz der Befreiung",
        "addr:suburb": "Adlershof",
        "amenity": "taxi",
        "name": "Wista Adlershof",
        "name:en": "Station Adlershof Taxi"
      },
      "geometry": {
        "type": "Point",
        "coordinates": [
          13.5425612,
          52.4346085
        ]
      },
      "id": "node/638322748"
    },
    {
      "type": "Feature",
      "properties": {
        "@id": "node/650031166",
        "addr:city": "Berlin",
        "addr:country": "DE",
        "amenity": "taxi",
        "capacity": "5",
        "name": "Alt-Buckow",
        "phone": "+49 30 6041001"
      },
      "geometry": {
        "type": "Point",
        "coordinates": [
          13.4353045,
          52.4233103
        ]
      },
      "id": "node/650031166"
    },
    {
      "type": "Feature",
      "properties": {
        "@id": "node/656757397",
        "amenity": "taxi",
        "name": "Trautenau",
        "phone": "+49 30 2112125"
      },
      "geometry": {
        "type": "Point",
        "coordinates": [
          13.3310815,
          52.4927895
        ]
      },
      "id": "node/656757397"
    },
    {
      "type": "Feature",
      "properties": {
        "@id": "node/660591613",
        "amenity": "taxi",
        "capacity": "7",
        "name": "Zossenstr. / Gneisenaustr."
      },
      "geometry": {
        "type": "Point",
        "coordinates": [
          13.394135,
          52.4914467
        ]
      },
      "id": "node/660591613"
    },
    {
      "type": "Feature",
      "properties": {
        "@id": "node/665619975",
        "addr:city": "Berlin",
        "addr:country": "DE",
        "addr:street": "Zimmerstraße",
        "amenity": "taxi",
        "name": "Axel Springer Hochhaus",
        "phone": "+49 30 2513939"
      },
      "geometry": {
        "type": "Point",
        "coordinates": [
          13.3970509,
          52.508042
        ]
      },
      "id": "node/665619975"
    },
    {
      "type": "Feature",
      "properties": {
        "@id": "node/667211369",
        "addr:city": "Berlin",
        "addr:country": "DE",
        "addr:suburb": "Westend",
        "amenity": "taxi",
        "name": "Steuben",
        "phone": "+49 30 32679799"
      },
      "geometry": {
        "type": "Point",
        "coordinates": [
          13.2602428,
          52.5159701
        ]
      },
      "id": "node/667211369"
    },
    {
      "type": "Feature",
      "properties": {
        "@id": "node/673850806",
        "addr:city": "Berlin",
        "addr:country": "DE",
        "addr:postcode": "13189",
        "addr:street": "Elsa-Brändström-Straße",
        "addr:suburb": "Pankow",
        "amenity": "taxi",
        "check_date": "2026-06-21",
        "name": "Bhf. Vineta"
      },
      "geometry": {
        "type": "Point",
        "coordinates": [
          13.4137798,
          52.5598283
        ]
      },
      "id": "node/673850806"
    },
    {
      "type": "Feature",
      "properties": {
        "@id": "node/678435452",
        "addr:city": "Berlin",
        "addr:country": "DE",
        "addr:suburb": "Rudow",
        "amenity": "taxi",
        "name": "U-Bahnhof Rudow / Rudower Spinne",
        "phone": "+49 30 6631026"
      },
      "geometry": {
        "type": "Point",
        "coordinates": [
          13.4982094,
          52.4151736
        ]
      },
      "id": "node/678435452"
    },
    {
      "type": "Feature",
      "properties": {
        "@id": "node/691484485",
        "amenity": "taxi",
        "name": "Händelplatz",
        "phone": "+49 30 834 4077"
      },
      "geometry": {
        "type": "Point",
        "coordinates": [
          13.3158835,
          52.4497823
        ]
      },
      "id": "node/691484485"
    },
    {
      "type": "Feature",
      "properties": {
        "@id": "node/697297138",
        "amenity": "taxi",
        "name": "Naugarder Straße",
        "phone": "+49 30 4244160",
        "service_times": "24/7"
      },
      "geometry": {
        "type": "Point",
        "coordinates": [
          13.4390769,
          52.5417805
        ]
      },
      "id": "node/697297138"
    },
    {
      "type": "Feature",
      "properties": {
        "@id": "node/703607125",
        "amenity": "taxi",
        "capacity": "10",
        "check_date": "2023-08-01",
        "name": "Bad / Pank",
        "phone": "+49 30 4657303"
      },
      "geometry": {
        "type": "Point",
        "coordinates": [
          13.3810147,
          52.5518272
        ]
      },
      "id": "node/703607125"
    },
    {
      "type": "Feature",
      "properties": {
        "@id": "node/718143920",
        "addr:city": "Berlin",
        "addr:country": "DE",
        "amenity": "taxi",
        "name": "Wundt / Neue Kant",
        "phone": "+49 30 3217566"
      },
      "geometry": {
        "type": "Point",
        "coordinates": [
          13.2837537,
          52.5066566
        ]
      },
      "id": "node/718143920"
    },
    {
      "type": "Feature",
      "properties": {
        "@id": "node/722967280",
        "amenity": "taxi",
        "call_box": "yes",
        "name": "Bhf. Prenzlauer",
        "phone": "+49 30 44739559"
      },
      "geometry": {
        "type": "Point",
        "coordinates": [
          13.4270619,
          52.544917
        ]
      },
      "id": "node/722967280"
    },
    {
      "type": "Feature",
      "properties": {
        "@id": "node/725633336",
        "amenity": "taxi",
        "contact:phone": "+49 30 4429732",
        "name": "Danziger / Prenzlauer"
      },
      "geometry": {
        "type": "Point",
        "coordinates": [
          13.4251398,
          52.5386668
        ]
      },
      "id": "node/725633336"
    },
    {
      "type": "Feature",
      "properties": {
        "@id": "node/725633574",
        "amenity": "taxi",
        "contact:phone": "+49 30 4254367",
        "name": "Danziger / Greifswalder"
      },
      "geometry": {
        "type": "Point",
        "coordinates": [
          13.4340459,
          52.5354877
        ]
      },
      "id": "node/725633574"
    },
    {
      "type": "Feature",
      "properties": {
        "@id": "node/750097018",
        "amenity": "taxi",
        "name": "Bayerischer Platz",
        "phone": "+49 30 7813332"
      },
      "geometry": {
        "type": "Point",
        "coordinates": [
          13.3395959,
          52.4885838
        ]
      },
      "id": "node/750097018"
    },
    {
      "type": "Feature",
      "properties": {
        "@id": "node/760481870",
        "amenity": "taxi",
        "name": "Eberswalder",
        "phone": "+49 30 4484352"
      },
      "geometry": {
        "type": "Point",
        "coordinates": [
          13.4106956,
          52.5410592
        ]
      },
      "id": "node/760481870"
    },
    {
      "type": "Feature",
      "properties": {
        "@id": "node/765031752",
        "amenity": "taxi",
        "capacity": "10",
        "name": "Storkower / Landsberger",
        "phone": "+49 30 97106145"
      },
      "geometry": {
        "type": "Point",
        "coordinates": [
          13.458453,
          52.5280037
        ]
      },
      "id": "node/765031752"
    },
    {
      "type": "Feature",
      "properties": {
        "@id": "node/765928652",
        "amenity": "taxi",
        "name": "Rathaus Schöneberg",
        "phone": "+49 30 7811407"
      },
      "geometry": {
        "type": "Point",
        "coordinates": [
          13.3445052,
          52.4841788
        ]
      },
      "id": "node/765928652"
    },
    {
      "type": "Feature",
      "properties": {
        "@id": "node/769336303",
        "addr:city": "Berlin",
        "addr:country": "DE",
        "amenity": "taxi",
        "name": "Hermannplatz",
        "phone": "+49 30 6949400"
      },
      "geometry": {
        "type": "Point",
        "coordinates": [
          13.4247908,
          52.4883461
        ]
      },
      "id": "node/769336303"
    },
    {
      "type": "Feature",
      "properties": {
        "@id": "node/775813575",
        "addr:city": "Berlin",
        "addr:country": "DE",
        "amenity": "taxi",
        "call_box": "yes",
        "name": "Paracelsiusbad / Roedernallee",
        "phone": "+49 30 4963000"
      },
      "geometry": {
        "type": "Point",
        "coordinates": [
          13.3475876,
          52.5748219
        ]
      },
      "id": "node/775813575"
    },
    {
      "type": "Feature",
      "properties": {
        "@id": "node/791866264",
        "amenity": "taxi",
        "name": "Bhf. Ahrensfelde"
      },
      "geometry": {
        "type": "Point",
        "coordinates": [
          13.5652993,
          52.5706527
        ]
      },
      "id": "node/791866264"
    },
    {
      "type": "Feature",
      "properties": {
        "@id": "node/798908751",
        "addr:city": "Berlin",
        "addr:country": "DE",
        "amenity": "taxi",
        "capacity": "8",
        "name": "Klinik Spandau"
      },
      "geometry": {
        "type": "Point",
        "coordinates": [
          13.2067948,
          52.5502917
        ]
      },
      "id": "node/798908751"
    },
    {
      "type": "Feature",
      "properties": {
        "@id": "node/802901645",
        "amenity": "taxi",
        "capacity": "6",
        "check_date": "2026-03-04",
        "name": "Radisson"
      },
      "geometry": {
        "type": "Point",
        "coordinates": [
          13.4032935,
          52.5193514
        ]
      },
      "id": "node/802901645"
    },
    {
      "type": "Feature",
      "properties": {
        "@id": "node/808390974",
        "addr:city": "Berlin",
        "addr:country": "DE",
        "addr:suburb": "Neu-Hohenschönhausen",
        "amenity": "taxi",
        "capacity": "10",
        "name": "Prendener"
      },
      "geometry": {
        "type": "Point",
        "coordinates": [
          13.5186227,
          52.5684708
        ]
      },
      "id": "node/808390974"
    },
    {
      "type": "Feature",
      "properties": {
        "@id": "node/810702642",
        "amenity": "taxi",
        "capacity": "5",
        "check_date": "2023-06-28",
        "name": "Bhf. Alexanderplatz"
      },
      "geometry": {
        "type": "Point",
        "coordinates": [
          13.4106361,
          52.5223924
        ]
      },
      "id": "node/810702642"
    },
    {
      "type": "Feature",
      "properties": {
        "@id": "node/822868980",
        "amenity": "taxi",
        "capacity": "3",
        "name": "Krematorium Ruhleben"
      },
      "geometry": {
        "type": "Point",
        "coordinates": [
          13.2305638,
          52.5256627
        ]
      },
      "id": "node/822868980"
    },
    {
      "type": "Feature",
      "properties": {
        "@id": "node/832925392",
        "addr:city": "Berlin",
        "addr:country": "DE",
        "addr:suburb": "Kreuzberg",
        "amenity": "taxi",
        "name": "Schlesisches Tor",
        "phone": "+49 30 6127535"
      },
      "geometry": {
        "type": "Point",
        "coordinates": [
          13.4421664,
          52.5013922
        ]
      },
      "id": "node/832925392"
    },
    {
      "type": "Feature",
      "properties": {
        "@id": "node/849518112",
        "addr:city": "Berlin",
        "addr:country": "DE",
        "addr:suburb": "Köpenick",
        "amenity": "taxi",
        "capacity": "5",
        "name": "Krankenhaus Köpenick"
      },
      "geometry": {
        "type": "Point",
        "coordinates": [
          13.5953667,
          52.4413819
        ]
      },
      "id": "node/849518112"
    },
    {
      "type": "Feature",
      "properties": {
        "@id": "node/849519754",
        "amenity": "taxi",
        "name": "Pablo-Neruda-Straße",
        "phone": "+49 30 65474444"
      },
      "geometry": {
        "type": "Point",
        "coordinates": [
          13.5874834,
          52.4411525
        ]
      },
      "id": "node/849519754"
    },
    {
      "type": "Feature",
      "properties": {
        "@id": "node/916873742",
        "addr:city": "Berlin",
        "addr:country": "DE",
        "addr:street": "Marchlewskistraße",
        "amenity": "taxi",
        "capacity": "10",
        "name": "Helsingforser Platz"
      },
      "geometry": {
        "type": "Point",
        "coordinates": [
          13.4493959,
          52.5077777
        ]
      },
      "id": "node/916873742"
    },
    {
      "type": "Feature",
      "properties": {
        "@id": "node/918358021",
        "addr:city": "Berlin",
        "addr:country": "DE",
        "addr:suburb": "Charlottenburg",
        "amenity": "taxi",
        "name": "Sophie / Spandau",
        "phone": "+49 30 3214276"
      },
      "geometry": {
        "type": "Point",
        "coordinates": [
          13.2868669,
          52.5184774
        ]
      },
      "id": "node/918358021"
    },
    {
      "type": "Feature",
      "properties": {
        "@id": "node/931752744",
        "amenity": "taxi",
        "check_date": "2024-02-10",
        "name": "Salzufer"
      },
      "geometry": {
        "type": "Point",
        "coordinates": [
          13.3308614,
          52.5142215
        ]
      },
      "id": "node/931752744"
    },
    {
      "type": "Feature",
      "properties": {
        "@id": "node/941394260",
        "amenity": "taxi",
        "name": "Hagenplatz",
        "phone": "+49 30 8261302"
      },
      "geometry": {
        "type": "Point",
        "coordinates": [
          13.2671249,
          52.4840279
        ]
      },
      "id": "node/941394260"
    },
    {
      "type": "Feature",
      "properties": {
        "@id": "node/945141593",
        "amenity": "taxi",
        "check_date": "2023-08-10",
        "name": "Rudower Chaussee"
      },
      "geometry": {
        "type": "Point",
        "coordinates": [
          13.5340907,
          52.4317369
        ]
      },
      "id": "node/945141593"
    },
    {
      "type": "Feature",
      "properties": {
        "@id": "node/945288187",
        "amenity": "taxi",
        "name": "Bhf. Buch",
        "phone": "+49 30 9496911"
      },
      "geometry": {
        "type": "Point",
        "coordinates": [
          13.4923138,
          52.6367694
        ]
      },
      "id": "node/945288187"
    },
    {
      "type": "Feature",
      "properties": {
        "@id": "node/946513276",
        "amenity": "taxi",
        "name": "Bismarckplatz",
        "phone": "+49 30 8927768"
      },
      "geometry": {
        "type": "Point",
        "coordinates": [
          13.2843313,
          52.4914052
        ]
      },
      "id": "node/946513276"
    },
    {
      "type": "Feature",
      "properties": {
        "@id": "node/983272582",
        "amenity": "taxi",
        "capacity": "8",
        "name": "Hauptbahnhof Washingtonplatz"
      },
      "geometry": {
        "type": "Point",
        "coordinates": [
          13.3696742,
          52.524227
        ]
      },
      "id": "node/983272582"
    },
    {
      "type": "Feature",
      "properties": {
        "@id": "node/1005312207",
        "amenity": "taxi",
        "name": "Bahnhof Karow"
      },
      "geometry": {
        "type": "Point",
        "coordinates": [
          13.4709999,
          52.6155188
        ]
      },
      "id": "node/1005312207"
    },
    {
      "type": "Feature",
      "properties": {
        "@id": "node/1026187828",
        "access": "yes",
        "addr:city": "Berlin",
        "addr:country": "DE",
        "addr:suburb": "Frohnau",
        "amenity": "taxi",
        "name": "Zeltinger",
        "phone": "+49 30 4018080",
        "wheelchair": "limited"
      },
      "geometry": {
        "type": "Point",
        "coordinates": [
          13.2904107,
          52.6336225
        ]
      },
      "id": "node/1026187828"
    },
    {
      "type": "Feature",
      "properties": {
        "@id": "node/1027937528",
        "amenity": "taxi",
        "capacity": "7",
        "check_date": "2023-06-15",
        "name": "Frankfurter Tor"
      },
      "geometry": {
        "type": "Point",
        "coordinates": [
          13.4540261,
          52.5165465
        ]
      },
      "id": "node/1027937528"
    },
    {
      "type": "Feature",
      "properties": {
        "@id": "node/1035334157",
        "amenity": "taxi",
        "name": "Martin-Luther-Krankenhaus",
        "name:de": "Martin-Luther-Krankenhaus"
      },
      "geometry": {
        "type": "Point",
        "coordinates": [
          13.2915783,
          52.4914484
        ]
      },
      "id": "node/1035334157"
    },
    {
      "type": "Feature",
      "properties": {
        "@id": "node/1037241969",
        "amenity": "taxi",
        "check_date": "2026-03-13",
        "name": "Am Kiesteich",
        "phone": "+49 30 3732285"
      },
      "geometry": {
        "type": "Point",
        "coordinates": [
          13.1646254,
          52.5511956
        ]
      },
      "id": "node/1037241969"
    },
    {
      "type": "Feature",
      "properties": {
        "@id": "node/1051176243",
        "amenity": "taxi",
        "capacity": "2",
        "check_date": "2023-09-12",
        "name": "Ladius"
      },
      "geometry": {
        "type": "Point",
        "coordinates": [
          13.2632641,
          52.4111232
        ]
      },
      "id": "node/1051176243"
    },
    {
      "type": "Feature",
      "properties": {
        "@id": "way/1128110261",
        "amenity": "taxi",
        "capacity": "2",
        "@geometry": "center"
      },
      "geometry": {
        "type": "Point",
        "coordinates": [
          13.3677731,
          52.4701202
        ]
      },
      "id": "way/1128110261"
    },
    {
      "type": "Feature",
      "properties": {
        "@id": "node/1130112176",
        "amenity": "taxi",
        "capacity": "10",
        "name": "Alt-Mariendorf",
        "phone": "+49 30 7063177"
      },
      "geometry": {
        "type": "Point",
        "coordinates": [
          13.3878971,
          52.4403692
        ]
      },
      "id": "node/1130112176"
    },
    {
      "type": "Feature",
      "properties": {
        "@id": "node/1132417414",
        "addr:city": "Berlin",
        "addr:country": "DE",
        "amenity": "taxi",
        "name": "Bhf. Pankow",
        "phone": "+49 30 4825721"
      },
      "geometry": {
        "type": "Point",
        "coordinates": [
          13.4113381,
          52.5671772
        ]
      },
      "id": "node/1132417414"
    },
    {
      "type": "Feature",
      "properties": {
        "@id": "node/1177834577",
        "addr:city": "Berlin",
        "addr:country": "DE",
        "addr:housenumber": "1",
        "addr:postcode": "13597",
        "addr:street": "Seegefelder Straße",
        "addr:suburb": "Spandau",
        "amenity": "taxi",
        "capacity": "15",
        "check_date": "2023-07-21",
        "name": "Bhf. Spandau",
        "phone": "+49 30 3332288",
        "wheelchair": "yes"
      },
      "geometry": {
        "type": "Point",
        "coordinates": [
          13.1975288,
          52.5349161
        ]
      },
      "id": "node/1177834577"
    },
    {
      "type": "Feature",
      "properties": {
        "@id": "node/1216551970",
        "addr:street": "Masurenallee",
        "alt_name:en": "Berlin Central Bus Station (ZOB)",
        "amenity": "taxi",
        "name": "Busbahnhof ( ZOB )"
      },
      "geometry": {
        "type": "Point",
        "coordinates": [
          13.2791692,
          52.5069472
        ]
      },
      "id": "node/1216551970"
    },
    {
      "type": "Feature",
      "properties": {
        "@id": "node/1242814953",
        "addr:city": "Berlin",
        "addr:country": "DE",
        "addr:postcode": "10117",
        "addr:street": "Leipziger Straße",
        "addr:suburb": "Mitte",
        "amenity": "taxi",
        "capacity": "7",
        "name": "Spittelmarkt",
        "wheelchair": "limited"
      },
      "geometry": {
        "type": "Point",
        "coordinates": [
          13.4002211,
          52.5109746
        ]
      },
      "id": "node/1242814953"
    },
    {
      "type": "Feature",
      "properties": {
        "@id": "node/1285251499",
        "addr:city": "Berlin",
        "addr:country": "DE",
        "addr:suburb": "Kreuzberg",
        "amenity": "taxi",
        "capacity": "5",
        "check_date": "2026-08-12",
        "name": "Moritzplatz"
      },
      "geometry": {
        "type": "Point",
        "coordinates": [
          13.4109918,
          52.5042722
        ]
      },
      "id": "node/1285251499"
    },
    {
      "type": "Feature",
      "properties": {
        "@id": "way/1294639793",
        "amenity": "taxi",
        "capacity": "2",
        "orientation": "perpendicular",
        "@geometry": "center"
      },
      "geometry": {
        "type": "Point",
        "coordinates": [
          13.442347,
          52.5910291
        ]
      },
      "id": "way/1294639793"
    },
    {
      "type": "Feature",
      "properties": {
        "@id": "node/1300410927",
        "amenity": "taxi",
        "capacity": "5",
        "name": "Bhf. Südkreuz Ost"
      },
      "geometry": {
        "type": "Point",
        "coordinates": [
          13.3663327,
          52.4751707
        ]
      },
      "id": "node/1300410927"
    },
    {
      "type": "Feature",
      "properties": {
        "@id": "node/1315107975",
        "addr:city": "Berlin",
        "addr:country": "DE",
        "addr:suburb": "Charlottenburg",
        "amenity": "taxi",
        "capacity": "4",
        "name": "Sömmering / Mierendorffplatz"
      },
      "geometry": {
        "type": "Point",
        "coordinates": [
          13.3062577,
          52.5251956
        ]
      },
      "id": "node/1315107975"
    },
    {
      "type": "Feature",
      "properties": {
        "@id": "node/1315107976",
        "amenity": "taxi",
        "name": "Breitenbachplatz",
        "phone": "+49 30 8225266"
      },
      "geometry": {
        "type": "Point",
        "coordinates": [
          13.3099316,
          52.4669546
        ]
      },
      "id": "node/1315107976"
    },
    {
      "type": "Feature",
      "properties": {
        "@id": "node/1315107977",
        "amenity": "taxi",
        "name": "Roseneck",
        "phone": "+49 30 8238213"
      },
      "geometry": {
        "type": "Point",
        "coordinates": [
          13.281307,
          52.4767241
        ]
      },
      "id": "node/1315107977"
    },
    {
      "type": "Feature",
      "properties": {
        "@id": "node/1315107978",
        "addr:city": "Berlin",
        "addr:country": "DE",
        "addr:postcode": "13627",
        "addr:suburb": "Charlottenburg-Nord",
        "amenity": "taxi",
        "name": "Jakob-Kaiser",
        "phone": "+49 30 3822211"
      },
      "geometry": {
        "type": "Point",
        "coordinates": [
          13.2938569,
          52.5361781
        ]
      },
      "id": "node/1315107978"
    },
    {
      "type": "Feature",
      "properties": {
        "@id": "node/1315107979",
        "addr:city": "Berlin",
        "addr:country": "DE",
        "addr:suburb": "Charlottenburg",
        "amenity": "taxi",
        "capacity": "5",
        "name": "Tegeler Weg / Landgericht",
        "name:ja": "テーゲラー通り/地方裁判所"
      },
      "geometry": {
        "type": "Point",
        "coordinates": [
          13.2979534,
          52.5263784
        ]
      },
      "id": "node/1315107979"
    },
    {
      "type": "Feature",
      "properties": {
        "@id": "node/1315107980",
        "amenity": "taxi",
        "check_date": "2023-07-16",
        "name": "Schiller / Hardenberg",
        "phone": "+49 30 3136019"
      },
      "geometry": {
        "type": "Point",
        "coordinates": [
          13.3225297,
          52.5111772
        ]
      },
      "id": "node/1315107980"
    },
    {
      "type": "Feature",
      "properties": {
        "@id": "node/1315107981",
        "amenity": "taxi",
        "name": "Durlacher",
        "phone": "+49 30 8531360"
      },
      "geometry": {
        "type": "Point",
        "coordinates": [
          13.3297205,
          52.4815761
        ]
      },
      "id": "node/1315107981"
    },
    {
      "type": "Feature",
      "properties": {
        "@id": "node/1315107982",
        "amenity": "taxi",
        "capacity": "4",
        "check_date": "2025-11-10",
        "name": "Hotel Kempinski"
      },
      "geometry": {
        "type": "Point",
        "coordinates": [
          13.3275347,
          52.5039202
        ]
      },
      "id": "node/1315107982"
    },
    {
      "type": "Feature",
      "properties": {
        "@id": "node/1315107983",
        "addr:city": "Berlin",
        "addr:country": "DE",
        "amenity": "taxi",
        "name": "S-Bahnhof Heer",
        "phone": "+49 30 3027160"
      },
      "geometry": {
        "type": "Point",
        "coordinates": [
          13.2585693,
          52.5081209
        ]
      },
      "id": "node/1315107983"
    },
    {
      "type": "Feature",
      "properties": {
        "@id": "node/1315141478",
        "addr:city": "Berlin",
        "addr:country": "DE",
        "addr:suburb": "Kreuzberg",
        "amenity": "taxi",
        "name": "Kottbusser Tor",
        "phone": "+49 30 6127434"
      },
      "geometry": {
        "type": "Point",
        "coordinates": [
          13.4196903,
          52.4987891
        ]
      },
      "id": "node/1315141478"
    },
    {
      "type": "Feature",
      "properties": {
        "@id": "node/1315141479",
        "addr:city": "Berlin",
        "addr:country": "DE",
        "addr:suburb": "Friedrichshain",
        "amenity": "taxi",
        "capacity": "34",
        "name": "Ostbahnhof",
        "phone": "+49 30 29779776"
      },
      "geometry": {
        "type": "Point",
        "coordinates": [
          13.4348045,
          52.5093926
        ]
      },
      "id": "node/1315141479"
    },
    {
      "type": "Feature",
      "properties": {
        "@id": "node/1315141488",
        "addr:city": "Berlin",
        "addr:country": "DE",
        "addr:suburb": "Friedrichshain",
        "amenity": "taxi",
        "name": "Kino Kosmos",
        "phone": "+49 30 5894385"
      },
      "geometry": {
        "type": "Point",
        "coordinates": [
          13.4493363,
          52.5164477
        ]
      },
      "id": "node/1315141488"
    },
    {
      "type": "Feature",
      "properties": {
        "@id": "node/1315161562",
        "addr:city": "Berlin",
        "addr:country": "DE",
        "addr:suburb": "Marzahn",
        "amenity": "taxi",
        "name": "Mehrower Allee",
        "phone": "+49 30 9322043"
      },
      "geometry": {
        "type": "Point",
        "coordinates": [
          13.559977,
          52.5557704
        ]
      },
      "id": "node/1315161562"
    },
    {
      "type": "Feature",
      "properties": {
        "@id": "node/1315161567",
        "addr:city": "Berlin",
        "addr:country": "DE",
        "addr:suburb": "Hellersdorf",
        "amenity": "taxi",
        "name": "Helle Mitte",
        "phone": "+49 30 99499443"
      },
      "geometry": {
        "type": "Point",
        "coordinates": [
          13.6048317,
          52.5376671
        ]
      },
      "id": "node/1315161567"
    },
    {
      "type": "Feature",
      "properties": {
        "@id": "node/1315190527",
        "amenity": "taxi",
        "name": "See / Müller",
        "phone": "+49 30 4514858"
      },
      "geometry": {
        "type": "Point",
        "coordinates": [
          13.3524574,
          52.5509789
        ]
      },
      "id": "node/1315190527"
    },
    {
      "type": "Feature",
      "properties": {
        "@id": "node/1315190528",
        "amenity": "taxi",
        "name": "Potsdam / Lützow",
        "phone": "+49 30 2614024"
      },
      "geometry": {
        "type": "Point",
        "coordinates": [
          13.3651902,
          52.5026914
        ]
      },
      "id": "node/1315190528"
    },
    {
      "type": "Feature",
      "properties": {
        "@id": "node/1315190530",
        "addr:city": "Berlin",
        "addr:country": "DE",
        "addr:postcode": "10117",
        "addr:street": "Luisenstraße",
        "amenity": "taxi",
        "name": "Charité",
        "phone": "+49 30 28028888",
        "service_times": "24/7"
      },
      "geometry": {
        "type": "Point",
        "coordinates": [
          13.3787411,
          52.5273238
        ]
      },
      "id": "node/1315190530"
    },
    {
      "type": "Feature",
      "properties": {
        "@id": "node/1315198481",
        "addr:city": "Berlin",
        "addr:country": "DE",
        "amenity": "taxi",
        "name": "Herzbergplatz",
        "phone": "+49 30 6248020"
      },
      "geometry": {
        "type": "Point",
        "coordinates": [
          13.4479773,
          52.4780736
        ]
      },
      "id": "node/1315198481"
    },
    {
      "type": "Feature",
      "properties": {
        "@id": "node/1315198482",
        "addr:city": "Berlin",
        "addr:country": "DE",
        "amenity": "taxi",
        "name": "Schönstedt",
        "phone": "+49 30 6234896"
      },
      "geometry": {
        "type": "Point",
        "coordinates": [
          13.434777,
          52.4815843
        ]
      },
      "id": "node/1315198482"
    },
    {
      "type": "Feature",
      "properties": {
        "@id": "node/1315198483",
        "amenity": "taxi",
        "name": "Wutzky"
      },
      "geometry": {
        "type": "Point",
        "coordinates": [
          13.4732673,
          52.4259184
        ]
      },
      "id": "node/1315198483"
    },
    {
      "type": "Feature",
      "properties": {
        "@id": "node/1315243896",
        "amenity": "taxi",
        "name": "Wilhelmsruh",
        "phone": "+49 30 91745747"
      },
      "geometry": {
        "type": "Point",
        "coordinates": [
          13.3681463,
          52.5873347
        ]
      },
      "id": "node/1315243896"
    },
    {
      "type": "Feature",
      "properties": {
        "@id": "node/1315243900",
        "addr:city": "Berlin",
        "addr:country": "DE",
        "addr:street": "Achillesstraße",
        "addr:suburb": "Karow",
        "amenity": "taxi",
        "name": "Karow-Nord / Achillesstraße",
        "phone": "+49 30 94632818"
      },
      "geometry": {
        "type": "Point",
        "coordinates": [
          13.4901172,
          52.6169371
        ]
      },
      "id": "node/1315243900"
    },
    {
      "type": "Feature",
      "properties": {
        "@id": "node/1315255766",
        "addr:city": "Berlin",
        "addr:country": "DE",
        "addr:suburb": "Wittenau",
        "amenity": "taxi",
        "name": "Rathaus Reinickendorf",
        "phone": "+49 30 4112556"
      },
      "geometry": {
        "type": "Point",
        "coordinates": [
          13.3256757,
          52.5892637
        ]
      },
      "id": "node/1315255766"
    },
    {
      "type": "Feature",
      "properties": {
        "@id": "node/1315381745",
        "addr:city": "Berlin",
        "addr:country": "DE",
        "amenity": "taxi",
        "name": "Kladow Kirche",
        "phone": "+49 30 3653667"
      },
      "geometry": {
        "type": "Point",
        "coordinates": [
          13.1441468,
          52.4534129
        ]
      },
      "id": "node/1315381745"
    },
    {
      "type": "Feature",
      "properties": {
        "@id": "node/1315381746",
        "addr:city": "Berlin",
        "addr:country": "DE",
        "addr:suburb": "Haselhorst",
        "amenity": "taxi",
        "name": "Haselhorst",
        "phone": "+49 30 3347500"
      },
      "geometry": {
        "type": "Point",
        "coordinates": [
          13.2394562,
          52.5430448
        ]
      },
      "id": "node/1315381746"
    },
    {
      "type": "Feature",
      "properties": {
        "@id": "node/1315381748",
        "addr:city": "Berlin",
        "addr:country": "DE",
        "amenity": "taxi",
        "name": "Seegefeld / Nauener",
        "phone": "+49 30 3711067"
      },
      "geometry": {
        "type": "Point",
        "coordinates": [
          13.1820005,
          52.5382797
        ]
      },
      "id": "node/1315381748"
    },
    {
      "type": "Feature",
      "properties": {
        "@id": "node/1315414656",
        "addr:city": "Berlin",
        "addr:country": "DE",
        "addr:street": "Klingsorstraße",
        "amenity": "taxi",
        "check_date": "2023-05-19",
        "name": "Campus Benjamin Franklin"
      },
      "geometry": {
        "type": "Point",
        "coordinates": [
          13.320614,
          52.4437768
        ]
      },
      "id": "node/1315414656"
    },
    {
      "type": "Feature",
      "properties": {
        "@id": "node/1315414662",
        "amenity": "taxi",
        "name": "Lindenstraße / Lichterfelde Süd",
        "phone": "+49 30 7123022"
      },
      "geometry": {
        "type": "Point",
        "coordinates": [
          13.3069668,
          52.4175269
        ]
      },
      "id": "node/1315414662"
    },
    {
      "type": "Feature",
      "properties": {
        "@id": "node/1315438813",
        "addr:postcode": "10789",
        "amenity": "taxi",
        "name": "KaDeWe",
        "opening_hours": "Mo-Th, Sa 10:00-20:00; Fr 10:00-21:00",
        "phone": "+49 30 2187424"
      },
      "geometry": {
        "type": "Point",
        "coordinates": [
          13.3410595,
          52.5022611
        ]
      },
      "id": "node/1315438813"
    },
    {
      "type": "Feature",
      "properties": {
        "@id": "node/1315438819",
        "addr:city": "Berlin",
        "addr:country": "DE",
        "amenity": "taxi",
        "name": "Alt-Lichtenrade",
        "phone": "+49 30 7453491"
      },
      "geometry": {
        "type": "Point",
        "coordinates": [
          13.4066979,
          52.4046278
        ]
      },
      "id": "node/1315438819"
    },
    {
      "type": "Feature",
      "properties": {
        "@id": "node/1315438824",
        "amenity": "taxi",
        "name": "Bhf. Tempelhof",
        "note": "Seit Jahren steht hier nie ein Taxi um auf Kunden zu warten. Wenn hier ein Taxi steht, dann am Wochenende verbotener Weise parkend.",
        "phone": "+49 30 7866055"
      },
      "geometry": {
        "type": "Point",
        "coordinates": [
          13.3851959,
          52.471909
        ]
      },
      "id": "node/1315438824"
    },
    {
      "type": "Feature",
      "properties": {
        "@id": "node/1315438832",
        "amenity": "taxi",
        "capacity": "7",
        "name": "Friedrich-Wilhelm-Platz",
        "phone": "+49 30 8528000"
      },
      "geometry": {
        "type": "Point",
        "coordinates": [
          13.3279212,
          52.4732483
        ]
      },
      "id": "node/1315438832"
    },
    {
      "type": "Feature",
      "properties": {
        "@id": "node/1317772365",
        "amenity": "taxi",
        "capacity": "4",
        "check_date": "2024-11-15",
        "name": "Bundesplatz"
      },
      "geometry": {
        "type": "Point",
        "coordinates": [
          13.3287311,
          52.478364
        ]
      },
      "id": "node/1317772365"
    },
    {
      "type": "Feature",
      "properties": {
        "@id": "node/1317772366",
        "amenity": "taxi",
        "check_date": "2023-07-14",
        "name": "Bhf. Zoo"
      },
      "geometry": {
        "type": "Point",
        "coordinates": [
          13.3327929,
          52.5070044
        ]
      },
      "id": "node/1317772366"
    },
    {
      "type": "Feature",
      "properties": {
        "@id": "node/1317772371",
        "addr:city": "Berlin",
        "addr:country": "DE",
        "addr:housenumber": "1",
        "addr:postcode": "10117",
        "addr:street": "Krausenstraße",
        "addr:suburb": "Mitte",
        "amenity": "taxi",
        "name": "Krausen / Friedrich",
        "phone": "+49 30 22334455"
      },
      "geometry": {
        "type": "Point",
        "coordinates": [
          13.3897583,
          52.5093745
        ]
      },
      "id": "node/1317772371"
    },
    {
      "type": "Feature",
      "properties": {
        "@id": "node/1317772378",
        "addr:city": "Berlin",
        "addr:country": "DE",
        "addr:suburb": "Tegel",
        "amenity": "taxi",
        "capacity": "3",
        "name": "Borsigturm"
      },
      "geometry": {
        "type": "Point",
        "coordinates": [
          13.2873253,
          52.5855253
        ]
      },
      "id": "node/1317772378"
    },
    {
      "type": "Feature",
      "properties": {
        "@id": "node/1317772379",
        "addr:city": "Berlin",
        "addr:country": "DE",
        "addr:housenumber": "46",
        "addr:postcode": "12435",
        "addr:street": "Köpenicker Landstraße",
        "addr:suburb": "Plänterwald",
        "amenity": "taxi",
        "capacity": "4",
        "name": "Bhf. Plänterwald"
      },
      "geometry": {
        "type": "Point",
        "coordinates": [
          13.4755609,
          52.4792391
        ]
      },
      "id": "node/1317772379"
    },
    {
      "type": "Feature",
      "properties": {
        "@id": "node/1317772390",
        "addr:city": "Berlin",
        "addr:country": "DE",
        "amenity": "taxi",
        "capacity": "3",
        "name": "Urban-Krankenhaus"
      },
      "geometry": {
        "type": "Point",
        "coordinates": [
          13.408767,
          52.4947675
        ]
      },
      "id": "node/1317772390"
    },
    {
      "type": "Feature",
      "properties": {
        "@id": "node/1317772391",
        "addr:city": "Berlin",
        "addr:country": "DE",
        "addr:postcode": "13089",
        "addr:suburb": "Heinersdorf",
        "amenity": "taxi",
        "capacity": "2",
        "name": "Malchow / Blankenburger"
      },
      "geometry": {
        "type": "Point",
        "coordinates": [
          13.4415713,
          52.5684569
        ]
      },
      "id": "node/1317772391"
    },
    {
      "type": "Feature",
      "properties": {
        "@id": "node/1317772399",
        "addr:city": "Berlin",
        "addr:country": "DE",
        "addr:suburb": "Borsigwalde",
        "amenity": "taxi",
        "capacity": "10",
        "name": "Humboldt Krankenhaus",
        "wheelchair": "yes"
      },
      "geometry": {
        "type": "Point",
        "coordinates": [
          13.3091174,
          52.5899907
        ]
      },
      "id": "node/1317772399"
    },
    {
      "type": "Feature",
      "properties": {
        "@id": "node/1317772401",
        "addr:city": "Berlin",
        "addr:country": "DE",
        "addr:street": "Myslowitzer Straße",
        "addr:suburb": "Kaulsdorf",
        "amenity": "taxi",
        "capacity": "3",
        "name": "Khs Kaulsdorf"
      },
      "geometry": {
        "type": "Point",
        "coordinates": [
          13.5914241,
          52.5061995
        ]
      },
      "id": "node/1317772401"
    },
    {
      "type": "Feature",
      "properties": {
        "@id": "node/1317772403",
        "addr:city": "Berlin",
        "addr:country": "DE",
        "amenity": "taxi",
        "capacity": "5",
        "check_date": "2023-07-21",
        "name": "Zeppelin",
        "wheelchair": "yes"
      },
      "geometry": {
        "type": "Point",
        "coordinates": [
          13.1846212,
          52.5479394
        ]
      },
      "id": "node/1317772403"
    },
    {
      "type": "Feature",
      "properties": {
        "@id": "node/1317772406",
        "addr:city": "Berlin",
        "addr:country": "DE",
        "addr:suburb": "Neukölln",
        "amenity": "taxi",
        "name": "Karl-Marx / Ringbahn"
      },
      "geometry": {
        "type": "Point",
        "coordinates": [
          13.4416795,
          52.4688138
        ]
      },
      "id": "node/1317772406"
    },
    {
      "type": "Feature",
      "properties": {
        "@id": "node/1317772412",
        "addr:city": "Berlin",
        "addr:country": "DE",
        "addr:suburb": "Marzahn",
        "amenity": "taxi",
        "capacity": "6",
        "name": "Alt-Marzahn"
      },
      "geometry": {
        "type": "Point",
        "coordinates": [
          13.5628118,
          52.5416191
        ]
      },
      "id": "node/1317772412"
    },
    {
      "type": "Feature",
      "properties": {
        "@id": "node/1317772417",
        "amenity": "taxi",
        "capacity": "2",
        "check_date": "2023-06-29",
        "name": "Hotel Esplanade"
      },
      "geometry": {
        "type": "Point",
        "coordinates": [
          13.3540861,
          52.5056641
        ]
      },
      "id": "node/1317772417"
    },
    {
      "type": "Feature",
      "properties": {
        "@id": "node/1317772432",
        "amenity": "taxi",
        "capacity": "8",
        "check_date": "2026-02-25",
        "name": "Knaack"
      },
      "geometry": {
        "type": "Point",
        "coordinates": [
          13.4205689,
          52.5337203
        ]
      },
      "id": "node/1317772432"
    },
    {
      "type": "Feature",
      "properties": {
        "@id": "node/1317772433",
        "amenity": "taxi",
        "capacity": "7",
        "name": "Friedrichstadtpalast"
      },
      "geometry": {
        "type": "Point",
        "coordinates": [
          13.3874278,
          52.5243608
        ]
      },
      "id": "node/1317772433"
    },
    {
      "type": "Feature",
      "properties": {
        "@id": "node/1317772438",
        "amenity": "taxi",
        "capacity": "5",
        "name": "Alt-Blankenburg"
      },
      "geometry": {
        "type": "Point",
        "coordinates": [
          13.4532577,
          52.5927153
        ]
      },
      "id": "node/1317772438"
    },
    {
      "type": "Feature",
      "properties": {
        "@id": "node/1317772442",
        "amenity": "taxi",
        "capacity": "5",
        "name": "Danziger / Kniprode"
      },
      "geometry": {
        "type": "Point",
        "coordinates": [
          13.4408672,
          52.5322127
        ]
      },
      "id": "node/1317772442"
    },
    {
      "type": "Feature",
      "properties": {
        "@id": "node/1317772463",
        "amenity": "taxi",
        "capacity": "4",
        "name": "Grunewald / Martin-Luther"
      },
      "geometry": {
        "type": "Point",
        "coordinates": [
          13.3463649,
          52.4892632
        ]
      },
      "id": "node/1317772463"
    },
    {
      "type": "Feature",
      "properties": {
        "@id": "node/1317772467",
        "addr:city": "Berlin",
        "addr:country": "DE",
        "addr:suburb": "Westend",
        "amenity": "taxi",
        "capacity": "7",
        "check_date": "2024-08-28",
        "name": "Klinikum Westend"
      },
      "geometry": {
        "type": "Point",
        "coordinates": [
          13.2798507,
          52.5203722
        ]
      },
      "id": "node/1317772467"
    },
    {
      "type": "Feature",
      "properties": {
        "@id": "node/1317772471",
        "addr:city": "Berlin",
        "addr:country": "DE",
        "amenity": "taxi",
        "capacity": "2",
        "name": "Amtsgericht Charlottenburg",
        "service_times": "Mo-Fr 07:00-18:00"
      },
      "geometry": {
        "type": "Point",
        "coordinates": [
          13.2954126,
          52.5061307
        ]
      },
      "id": "node/1317772471"
    },
    {
      "type": "Feature",
      "properties": {
        "@id": "node/1317772482",
        "amenity": "taxi",
        "capacity": "2",
        "check_date": "2023-07-17",
        "name": "Hotel Berlin"
      },
      "geometry": {
        "type": "Point",
        "coordinates": [
          13.352515,
          52.5040512
        ]
      },
      "id": "node/1317772482"
    },
    {
      "type": "Feature",
      "properties": {
        "@id": "node/1317772485",
        "amenity": "taxi",
        "capacity": "6",
        "name": "Bösebrücke"
      },
      "geometry": {
        "type": "Point",
        "coordinates": [
          13.4004955,
          52.5543734
        ]
      },
      "id": "node/1317772485"
    },
    {
      "type": "Feature",
      "properties": {
        "@id": "node/1317772489",
        "amenity": "taxi",
        "capacity": "4",
        "check_date": "2024-12-02",
        "name": "Bismarck / Wilmersdorf"
      },
      "geometry": {
        "type": "Point",
        "coordinates": [
          13.3050563,
          52.5113434
        ]
      },
      "id": "node/1317772489"
    },
    {
      "type": "Feature",
      "properties": {
        "@id": "node/1317772497",
        "addr:city": "Berlin",
        "addr:country": "DE",
        "amenity": "taxi",
        "capacity": "4",
        "check_date": "2024-06-24",
        "name": "Britzer Damm / Blaschkoallee"
      },
      "geometry": {
        "type": "Point",
        "coordinates": [
          13.4392107,
          52.4525716
        ]
      },
      "id": "node/1317772497"
    },
    {
      "type": "Feature",
      "properties": {
        "@id": "node/1317772507",
        "addr:city": "Berlin",
        "addr:country": "DE",
        "addr:postcode": "12459",
        "addr:street": "Griechische Allee",
        "addr:suburb": "Oberschöneweide",
        "amenity": "taxi",
        "check_date": "2026-08-22",
        "name": "Edisonstraße"
      },
      "geometry": {
        "type": "Point",
        "coordinates": [
          13.5144523,
          52.4645404
        ]
      },
      "id": "node/1317772507"
    },
    {
      "type": "Feature",
      "properties": {
        "@id": "node/1317772510",
        "amenity": "taxi",
        "capacity": "3",
        "check_date": "2025-09-28",
        "name": "Sterndamm / Johannisthal Kirche"
      },
      "geometry": {
        "type": "Point",
        "coordinates": [
          13.5042437,
          52.4447696
        ]
      },
      "id": "node/1317772510"
    },
    {
      "type": "Feature",
      "properties": {
        "@id": "node/1317772515",
        "amenity": "taxi",
        "capacity": "7",
        "name": "U-Bahnhof Weinmeisterstraße"
      },
      "geometry": {
        "type": "Point",
        "coordinates": [
          13.4033421,
          52.5252543
        ]
      },
      "id": "node/1317772515"
    },
    {
      "type": "Feature",
      "properties": {
        "@id": "node/1317772524",
        "addr:city": "Berlin",
        "addr:country": "DE",
        "addr:postcode": "10117",
        "addr:street": "Charlottenstraße",
        "addr:suburb": "Mitte",
        "amenity": "taxi",
        "name": "Behren / Charlotten"
      },
      "geometry": {
        "type": "Point",
        "coordinates": [
          13.3911213,
          52.5158297
        ]
      },
      "id": "node/1317772524"
    },
    {
      "type": "Feature",
      "properties": {
        "@id": "node/1317772527",
        "addr:city": "Berlin",
        "addr:country": "DE",
        "amenity": "taxi",
        "capacity": "7",
        "name": "Krankenhaus Neukölln"
      },
      "geometry": {
        "type": "Point",
        "coordinates": [
          13.4592948,
          52.4397423
        ]
      },
      "id": "node/1317772527"
    },
    {
      "type": "Feature",
      "properties": {
        "@id": "node/1317772534",
        "addr:city": "Berlin",
        "addr:country": "DE",
        "addr:suburb": "Alt-Hohenschönhausen",
        "amenity": "taxi",
        "name": "Allee Center",
        "service_times": "Mo-Fr 07:00-23:00; Sa 07:00-18:00"
      },
      "geometry": {
        "type": "Point",
        "coordinates": [
          13.4971981,
          52.5348685
        ]
      },
      "id": "node/1317772534"
    },
    {
      "type": "Feature",
      "properties": {
        "@id": "node/1317772544",
        "amenity": "taxi",
        "capacity": "3",
        "name": "Hamburger Platz"
      },
      "geometry": {
        "type": "Point",
        "coordinates": [
          13.4400428,
          52.5560051
        ]
      },
      "id": "node/1317772544"
    },
    {
      "type": "Feature",
      "properties": {
        "@id": "node/1317772547",
        "amenity": "taxi",
        "capacity": "10",
        "name": "Hotel Ritz Carlton"
      },
      "geometry": {
        "type": "Point",
        "coordinates": [
          13.3750968,
          52.5100061
        ]
      },
      "id": "node/1317772547"
    },
    {
      "type": "Feature",
      "properties": {
        "@id": "node/1317772550",
        "amenity": "taxi",
        "capacity": "4",
        "name": "Hotel Adlon",
        "wheelchair": "limited"
      },
      "geometry": {
        "type": "Point",
        "coordinates": [
          13.3801355,
          52.5162753
        ]
      },
      "id": "node/1317772550"
    },
    {
      "type": "Feature",
      "properties": {
        "@id": "node/1317772561",
        "addr:city": "Berlin",
        "addr:country": "DE",
        "addr:suburb": "Kaulsdorf",
        "amenity": "taxi",
        "capacity": "3",
        "name": "Ulmen / Chemnitzer"
      },
      "geometry": {
        "type": "Point",
        "coordinates": [
          13.574752,
          52.4872706
        ]
      },
      "id": "node/1317772561"
    },
    {
      "type": "Feature",
      "properties": {
        "@id": "node/1317772564",
        "addr:city": "Berlin",
        "addr:country": "DE",
        "amenity": "taxi",
        "capacity": "5",
        "check_date": "2026-07-25",
        "name": "Brunsbütteler / Magi"
      },
      "geometry": {
        "type": "Point",
        "coordinates": [
          13.1588453,
          52.5332287
        ]
      },
      "id": "node/1317772564"
    },
    {
      "type": "Feature",
      "properties": {
        "@id": "node/1317772570",
        "addr:city": "Berlin",
        "addr:country": "DE",
        "addr:suburb": "Biesdorf",
        "amenity": "taxi",
        "capacity": "3",
        "name": "Garzauer Straße"
      },
      "geometry": {
        "type": "Point",
        "coordinates": [
          13.5713134,
          52.5281501
        ]
      },
      "id": "node/1317772570"
    },
    {
      "type": "Feature",
      "properties": {
        "@id": "node/1317772584",
        "amenity": "taxi",
        "capacity": "4",
        "name": "Hotel Savoy"
      },
      "geometry": {
        "type": "Point",
        "coordinates": [
          13.3280095,
          52.5064333
        ]
      },
      "id": "node/1317772584"
    },
    {
      "type": "Feature",
      "properties": {
        "@id": "node/1317772588",
        "amenity": "taxi",
        "capacity": "5"
      },
      "geometry": {
        "type": "Point",
        "coordinates": [
          13.3356618,
          52.5021603
        ]
      },
      "id": "node/1317772588"
    },
    {
      "type": "Feature",
      "properties": {
        "@id": "node/1317772594",
        "amenity": "taxi",
        "capacity": "4",
        "check_date": "2024-11-24",
        "name": "Hotel Palace"
      },
      "geometry": {
        "type": "Point",
        "coordinates": [
          13.3384559,
          52.5050659
        ]
      },
      "id": "node/1317772594"
    },
    {
      "type": "Feature",
      "properties": {
        "@id": "node/1317772605",
        "addr:city": "Berlin",
        "addr:country": "DE",
        "amenity": "taxi",
        "check_date": "2025-02-12",
        "name": "Leibniz / Bismarck"
      },
      "geometry": {
        "type": "Point",
        "coordinates": [
          13.3146942,
          52.5126207
        ]
      },
      "id": "node/1317772605"
    },
    {
      "type": "Feature",
      "properties": {
        "@id": "node/1317772609",
        "addr:city": "Berlin",
        "addr:country": "DE",
        "amenity": "taxi",
        "check_date": "2026-08-12",
        "name": "Bhf. Friedrichsfelde Ost"
      },
      "geometry": {
        "type": "Point",
        "coordinates": [
          13.520581,
          52.5135227
        ]
      },
      "id": "node/1317772609"
    },
    {
      "type": "Feature",
      "properties": {
        "@id": "node/1317772617",
        "addr:city": "Berlin",
        "addr:country": "DE",
        "addr:postcode": "10409",
        "addr:street": "Krügerstraße",
        "addr:suburb": "Prenzlauer Berg",
        "amenity": "taxi",
        "capacity": "3",
        "name": "Krüger"
      },
      "geometry": {
        "type": "Point",
        "coordinates": [
          13.4295662,
          52.5503652
        ]
      },
      "id": "node/1317772617"
    },
    {
      "type": "Feature",
      "properties": {
        "@id": "node/1317772625",
        "addr:city": "Berlin",
        "addr:country": "DE",
        "addr:suburb": "Marienfelde",
        "amenity": "taxi",
        "capacity": "4",
        "name": "Bhf. Marienfelde"
      },
      "geometry": {
        "type": "Point",
        "coordinates": [
          13.374538,
          52.4229842
        ]
      },
      "id": "node/1317772625"
    },
    {
      "type": "Feature",
      "properties": {
        "@id": "node/1317772629",
        "addr:city": "Berlin",
        "addr:country": "DE",
        "addr:postcode": "10117",
        "addr:street": "Friedrichstraße",
        "addr:suburb": "Mitte",
        "amenity": "taxi",
        "name": "Jägerstr./ Friedrichstr."
      },
      "geometry": {
        "type": "Point",
        "coordinates": [
          13.3894946,
          52.51394
        ]
      },
      "id": "node/1317772629"
    },
    {
      "type": "Feature",
      "properties": {
        "@id": "node/1317772633",
        "addr:city": "Berlin",
        "addr:country": "DE",
        "addr:suburb": "Hellersdorf",
        "amenity": "taxi",
        "capacity": "4",
        "name": "Gothaer Straße"
      },
      "geometry": {
        "type": "Point",
        "coordinates": [
          13.5918854,
          52.5373778
        ]
      },
      "id": "node/1317772633"
    },
    {
      "type": "Feature",
      "properties": {
        "@id": "node/1317772647",
        "addr:city": "Berlin",
        "addr:country": "DE",
        "addr:suburb": "Müggelheim",
        "amenity": "taxi",
        "capacity": "2",
        "name": "Alt-Müggelheim"
      },
      "geometry": {
        "type": "Point",
        "coordinates": [
          13.6613567,
          52.412376
        ]
      },
      "id": "node/1317772647"
    },
    {
      "type": "Feature",
      "properties": {
        "@id": "node/1317772651",
        "addr:city": "Berlin",
        "addr:country": "DE",
        "addr:suburb": "Heiligensee",
        "amenity": "taxi",
        "capacity": "4",
        "name": "Elchdamm"
      },
      "geometry": {
        "type": "Point",
        "coordinates": [
          13.2462863,
          52.6010754
        ]
      },
      "id": "node/1317772651"
    },
    {
      "type": "Feature",
      "properties": {
        "@id": "node/1317772657",
        "amenity": "taxi",
        "capacity": "3",
        "name": "Hotel Ambassador"
      },
      "geometry": {
        "type": "Point",
        "coordinates": [
          13.3444162,
          52.5034322
        ]
      },
      "id": "node/1317772657"
    },
    {
      "type": "Feature",
      "properties": {
        "@id": "node/1317772668",
        "addr:city": "Berlin",
        "addr:country": "DE",
        "addr:suburb": "Karlshorst",
        "amenity": "taxi",
        "capacity": "5",
        "name": "Blockdammweg"
      },
      "geometry": {
        "type": "Point",
        "coordinates": [
          13.5025276,
          52.483608
        ]
      },
      "id": "node/1317772668"
    },
    {
      "type": "Feature",
      "properties": {
        "@id": "node/1317772677",
        "addr:city": "Berlin",
        "addr:country": "DE",
        "amenity": "taxi",
        "name": "Alt-Schmöckwitz"
      },
      "geometry": {
        "type": "Point",
        "coordinates": [
          13.6494673,
          52.375407
        ]
      },
      "id": "node/1317772677"
    },
    {
      "type": "Feature",
      "properties": {
        "@id": "node/1317772680",
        "addr:city": "Berlin",
        "addr:country": "DE",
        "addr:suburb": "Marzahn",
        "amenity": "taxi",
        "capacity": "5",
        "name": "Bhf. Marzahn"
      },
      "geometry": {
        "type": "Point",
        "coordinates": [
          13.5427415,
          52.5433842
        ]
      },
      "id": "node/1317772680"
    },
    {
      "type": "Feature",
      "properties": {
        "@id": "node/1317772693",
        "addr:city": "Berlin",
        "addr:country": "DE",
        "amenity": "taxi",
        "capacity": "6",
        "name": "Bhf. Wollank",
        "phone": "+49 30 4932012"
      },
      "geometry": {
        "type": "Point",
        "coordinates": [
          13.3928514,
          52.5646045
        ]
      },
      "id": "node/1317772693"
    },
    {
      "type": "Feature",
      "properties": {
        "@id": "node/1317772694",
        "amenity": "taxi",
        "capacity": "5",
        "check_date": "2023-06-08",
        "name": "Hotel Crown-Plaza"
      },
      "geometry": {
        "type": "Point",
        "coordinates": [
          13.3406767,
          52.5042371
        ]
      },
      "id": "node/1317772694"
    },
    {
      "type": "Feature",
      "properties": {
        "@id": "node/1317772711",
        "addr:city": "Berlin",
        "addr:country": "DE",
        "amenity": "taxi",
        "capacity": "4",
        "name": "Krankenhaus Weißensee",
        "service_times": "Mo-Su 07:00-19:00"
      },
      "geometry": {
        "type": "Point",
        "coordinates": [
          13.4526974,
          52.5546462
        ]
      },
      "id": "node/1317772711"
    },
    {
      "type": "Feature",
      "properties": {
        "@id": "node/1317772715",
        "amenity": "taxi",
        "capacity": "2",
        "name": "Schellingstraße"
      },
      "geometry": {
        "type": "Point",
        "coordinates": [
          13.3732655,
          52.5057143
        ]
      },
      "id": "node/1317772715"
    },
    {
      "type": "Feature",
      "properties": {
        "@id": "node/1317772717",
        "addr:city": "Berlin",
        "addr:country": "DE",
        "addr:suburb": "Lichtenberg",
        "amenity": "taxi",
        "check_date": "2023-06-03",
        "name": "Krankenhaus Oskar-Ziethen"
      },
      "geometry": {
        "type": "Point",
        "coordinates": [
          13.4948883,
          52.5143463
        ]
      },
      "id": "node/1317772717"
    },
    {
      "type": "Feature",
      "properties": {
        "@id": "node/1317772733",
        "amenity": "taxi",
        "check_date": "2023-07-14",
        "name": "Bhf. Zoo"
      },
      "geometry": {
        "type": "Point",
        "coordinates": [
          13.3328376,
          52.5068492
        ]
      },
      "id": "node/1317772733"
    },
    {
      "type": "Feature",
      "properties": {
        "@id": "node/1317772736",
        "amenity": "taxi",
        "capacity": "6",
        "check_date": "2024-07-05",
        "name": "Königstor"
      },
      "geometry": {
        "type": "Point",
        "coordinates": [
          13.4254963,
          52.5299356
        ]
      },
      "id": "node/1317772736"
    },
    {
      "type": "Feature",
      "properties": {
        "@id": "node/1317772738",
        "amenity": "taxi",
        "check_date": "2025-09-15",
        "name": "Europa Center"
      },
      "geometry": {
        "type": "Point",
        "coordinates": [
          13.3382465,
          52.5037134
        ]
      },
      "id": "node/1317772738"
    },
    {
      "type": "Feature",
      "properties": {
        "@id": "node/1317772751",
        "addr:city": "Berlin",
        "addr:country": "DE",
        "addr:postcode": "12683",
        "addr:street": "Elsterwerdaer Platz",
        "addr:suburb": "Biesdorf",
        "amenity": "taxi",
        "name": "Biesdorf Süd"
      },
      "geometry": {
        "type": "Point",
        "coordinates": [
          13.5607978,
          52.5060292
        ]
      },
      "id": "node/1317772751"
    },
    {
      "type": "Feature",
      "properties": {
        "@id": "node/1317772753",
        "addr:city": "Berlin",
        "addr:country": "DE",
        "addr:housenumber": "30",
        "addr:postcode": "10117",
        "addr:street": "Anton-Wilhelm-Amo-Straße",
        "addr:suburb": "Mitte",
        "amenity": "taxi",
        "capacity": "4",
        "check_date": "2023-10-21",
        "name": "Hilton Gendarmenmarkt"
      },
      "geometry": {
        "type": "Point",
        "coordinates": [
          13.3921715,
          52.5121959
        ]
      },
      "id": "node/1317772753"
    },
    {
      "type": "Feature",
      "properties": {
        "@id": "node/1317772756",
        "addr:city": "Berlin",
        "addr:country": "DE",
        "addr:suburb": "Alt-Hohenschönhausen",
        "amenity": "taxi",
        "capacity": "3",
        "name": "BCA Wilhelmsberg"
      },
      "geometry": {
        "type": "Point",
        "coordinates": [
          13.4778031,
          52.5333981
        ]
      },
      "id": "node/1317772756"
    },
    {
      "type": "Feature",
      "properties": {
        "@id": "node/1317772759",
        "addr:city": "Berlin",
        "addr:country": "DE",
        "addr:postcode": "10117",
        "addr:street": "Charlottenstraße",
        "addr:suburb": "Mitte",
        "amenity": "taxi",
        "capacity": "4",
        "check_date": "2026-04-25",
        "name": "Gendarmenmarkt"
      },
      "geometry": {
        "type": "Point",
        "coordinates": [
          13.3912049,
          52.5146262
        ]
      },
      "id": "node/1317772759"
    },
    {
      "type": "Feature",
      "properties": {
        "@id": "node/1317772772",
        "amenity": "taxi",
        "capacity": "14",
        "name": "Park Inn"
      },
      "geometry": {
        "type": "Point",
        "coordinates": [
          13.4135366,
          52.5232167
        ]
      },
      "id": "node/1317772772"
    },
    {
      "type": "Feature",
      "properties": {
        "@id": "node/1317772775",
        "addr:city": "Berlin",
        "addr:country": "DE",
        "addr:suburb": "Rahnsdorf",
        "amenity": "taxi",
        "name": "Bhf. Wilhelmshagen"
      },
      "geometry": {
        "type": "Point",
        "coordinates": [
          13.7206016,
          52.4386215
        ]
      },
      "id": "node/1317772775"
    },
    {
      "type": "Feature",
      "properties": {
        "@id": "node/1317772780",
        "addr:city": "Berlin",
        "addr:country": "DE",
        "addr:suburb": "Marzahn",
        "amenity": "taxi",
        "name": "A.d.K. / Poelchau"
      },
      "geometry": {
        "type": "Point",
        "coordinates": [
          13.5513862,
          52.5340269
        ]
      },
      "id": "node/1317772780"
    },
    {
      "type": "Feature",
      "properties": {
        "@id": "node/1317772785",
        "addr:city": "Berlin",
        "addr:country": "DE",
        "addr:suburb": "Spandau",
        "amenity": "taxi",
        "check_date": "2026-07-27",
        "name": "Bhf. Stresow / Freiheit"
      },
      "geometry": {
        "type": "Point",
        "coordinates": [
          13.2094556,
          52.5322782
        ]
      },
      "id": "node/1317772785"
    },
    {
      "type": "Feature",
      "properties": {
        "@id": "node/1317772797",
        "amenity": "taxi",
        "capacity": "13",
        "check_date": "2023-07-14",
        "name": "Hotel Interconti"
      },
      "geometry": {
        "type": "Point",
        "coordinates": [
          13.346048,
          52.5067969
        ]
      },
      "id": "node/1317772797"
    },
    {
      "type": "Feature",
      "properties": {
        "@id": "node/1317772801",
        "addr:housenumber": "55",
        "addr:postcode": "12159",
        "addr:street": "Rheinstraße",
        "amenity": "taxi",
        "capacity": "5",
        "name": "Kaisereiche"
      },
      "geometry": {
        "type": "Point",
        "coordinates": [
          13.333145,
          52.4692843
        ]
      },
      "id": "node/1317772801"
    },
    {
      "type": "Feature",
      "properties": {
        "@id": "node/1317772804",
        "amenity": "taxi",
        "capacity": "4",
        "check_date": "2023-10-13",
        "name": "Goerzallee / Wupperstraße"
      },
      "geometry": {
        "type": "Point",
        "coordinates": [
          13.2743746,
          52.4101701
        ]
      },
      "id": "node/1317772804"
    },
    {
      "type": "Feature",
      "properties": {
        "@id": "node/1317772809",
        "amenity": "taxi",
        "name": "Blisse / Berliner"
      },
      "geometry": {
        "type": "Point",
        "coordinates": [
          13.3214763,
          52.4863514
        ]
      },
      "id": "node/1317772809"
    },
    {
      "type": "Feature",
      "properties": {
        "@id": "node/1317772814",
        "addr:city": "Berlin",
        "addr:country": "DE",
        "amenity": "taxi",
        "name": "Landsberger Chaussee/Teupitzer Straße"
      },
      "geometry": {
        "type": "Point",
        "coordinates": [
          13.5978048,
          52.5475391
        ]
      },
      "id": "node/1317772814"
    },
    {
      "type": "Feature",
      "properties": {
        "@id": "node/1317838949",
        "amenity": "taxi",
        "check_date": "2024-11-23",
        "name": "Landgrafen"
      },
      "geometry": {
        "type": "Point",
        "coordinates": [
          13.348034,
          52.5037341
        ]
      },
      "id": "node/1317838949"
    },
    {
      "type": "Feature",
      "properties": {
        "@id": "node/1317838954",
        "addr:city": "Berlin",
        "addr:country": "DE",
        "addr:suburb": "Charlottenburg",
        "amenity": "taxi",
        "capacity": "5",
        "name": "Luisenplatz"
      },
      "geometry": {
        "type": "Point",
        "coordinates": [
          13.299039,
          52.5194527
        ]
      },
      "id": "node/1317838954"
    },
    {
      "type": "Feature",
      "properties": {
        "@id": "node/1317838955",
        "addr:city": "Berlin",
        "addr:country": "DE",
        "addr:suburb": "Weißensee",
        "alt_name": "Liebermann",
        "amenity": "taxi",
        "capacity": "4",
        "name": "Rathaus Weißensee"
      },
      "geometry": {
        "type": "Point",
        "coordinates": [
          13.4667892,
          52.5595657
        ]
      },
      "id": "node/1317838955"
    },
    {
      "type": "Feature",
      "properties": {
        "@id": "node/1318189931",
        "amenity": "taxi",
        "capacity": "5",
        "check_date": "2023-07-14",
        "name": "Hotel Schweizerhof"
      },
      "geometry": {
        "type": "Point",
        "coordinates": [
          13.3436595,
          52.5061161
        ]
      },
      "id": "node/1318189931"
    },
    {
      "type": "Feature",
      "properties": {
        "@id": "node/1318189935",
        "amenity": "taxi"
      },
      "geometry": {
        "type": "Point",
        "coordinates": [
          13.332063,
          52.5028605
        ]
      },
      "id": "node/1318189935"
    },
    {
      "type": "Feature",
      "properties": {
        "@id": "node/1318189936",
        "amenity": "taxi",
        "name": "Messe Tor 9"
      },
      "geometry": {
        "type": "Point",
        "coordinates": [
          13.2751146,
          52.501549
        ]
      },
      "id": "node/1318189936"
    },
    {
      "type": "Feature",
      "properties": {
        "@id": "node/1318189937",
        "amenity": "taxi",
        "capacity": "8",
        "check_date": "2025-06-12",
        "name": "Platz der Vereinten Nationen ( Landsberger / Frieden )"
      },
      "geometry": {
        "type": "Point",
        "coordinates": [
          13.4330768,
          52.523606
        ]
      },
      "id": "node/1318189937"
    },
    {
      "type": "Feature",
      "properties": {
        "@id": "node/1318189939",
        "addr:city": "Berlin",
        "addr:country": "DE",
        "addr:suburb": "Rahnsdorf",
        "amenity": "taxi",
        "capacity": "3",
        "name": "Püttbergeweg"
      },
      "geometry": {
        "type": "Point",
        "coordinates": [
          13.6889228,
          52.4411035
        ]
      },
      "id": "node/1318189939"
    },
    {
      "type": "Feature",
      "properties": {
        "@id": "node/1318189943",
        "addr:city": "Berlin",
        "addr:country": "DE",
        "amenity": "taxi",
        "capacity": "4",
        "name": "U-Bahnhof Tierpark / Otto-Schmirgal-Straße"
      },
      "geometry": {
        "type": "Point",
        "coordinates": [
          13.5228915,
          52.4974652
        ]
      },
      "id": "node/1318189943"
    },
    {
      "type": "Feature",
      "properties": {
        "@id": "node/1318189948",
        "addr:city": "Berlin",
        "addr:country": "DE",
        "addr:suburb": "Lichtenberg",
        "amenity": "taxi",
        "capacity": "5",
        "name": "Landsberger / Rhin"
      },
      "geometry": {
        "type": "Point",
        "coordinates": [
          13.5174402,
          52.5349055
        ]
      },
      "id": "node/1318189948"
    },
    {
      "type": "Feature",
      "properties": {
        "@id": "node/1318189952",
        "addr:city": "Berlin",
        "addr:country": "DE",
        "addr:postcode": "12587",
        "addr:street": "Dahlwitzer Landstraße",
        "addr:suburb": "Friedrichshagen",
        "amenity": "taxi",
        "capacity": "3",
        "name": "Bhf. Friedrichshagen",
        "phone": "+49 30 6458961"
      },
      "geometry": {
        "type": "Point",
        "coordinates": [
          13.6255068,
          52.457812
        ]
      },
      "id": "node/1318189952"
    },
    {
      "type": "Feature",
      "properties": {
        "@id": "node/1318189957",
        "addr:city": "Berlin",
        "addr:country": "DE",
        "addr:suburb": "Mahlsdorf",
        "amenity": "taxi",
        "capacity": "4",
        "name": "Hultschiner Damm / Mahlsdorf Süd"
      },
      "geometry": {
        "type": "Point",
        "coordinates": [
          13.6003744,
          52.4756597
        ]
      },
      "id": "node/1318189957"
    },
    {
      "type": "Feature",
      "properties": {
        "@id": "node/1318189960",
        "amenity": "taxi",
        "capacity": "8",
        "name": "Grand Hyatt",
        "wheelchair": "limited"
      },
      "geometry": {
        "type": "Point",
        "coordinates": [
          13.3721838,
          52.5082731
        ]
      },
      "id": "node/1318189960"
    },
    {
      "type": "Feature",
      "properties": {
        "@id": "node/1318189966",
        "amenity": "taxi",
        "capacity": "3",
        "check_date": "2023-06-14",
        "name": "Potsdam / Goeben"
      },
      "geometry": {
        "type": "Point",
        "coordinates": [
          13.3613921,
          52.4941659
        ]
      },
      "id": "node/1318189966"
    },
    {
      "type": "Feature",
      "properties": {
        "@id": "node/1318189967",
        "amenity": "taxi",
        "capacity": "4",
        "check_date": "2023-07-28",
        "name": "Rohrdamm / Holiday Inn"
      },
      "geometry": {
        "type": "Point",
        "coordinates": [
          13.2626765,
          52.5405002
        ]
      },
      "id": "node/1318189967"
    },
    {
      "type": "Feature",
      "properties": {
        "@id": "node/1318189975",
        "addr:city": "Berlin",
        "addr:country": "DE",
        "addr:suburb": "Alt-Hohenschönhausen",
        "amenity": "taxi",
        "capacity": "3",
        "name": "Marzahner Straße",
        "name:de": "Marzahner Straße"
      },
      "geometry": {
        "type": "Point",
        "coordinates": [
          13.5149005,
          52.5462822
        ]
      },
      "id": "node/1318189975"
    },
    {
      "type": "Feature",
      "properties": {
        "@id": "node/1318189979",
        "amenity": "taxi",
        "name": "Am Kupfergraben"
      },
      "geometry": {
        "type": "Point",
        "coordinates": [
          13.3948837,
          52.5206257
        ]
      },
      "id": "node/1318189979"
    },
    {
      "type": "Feature",
      "properties": {
        "@id": "node/1318189981",
        "addr:city": "Berlin",
        "addr:country": "DE",
        "addr:suburb": "Charlottenburg",
        "amenity": "taxi",
        "name": "Schloß Charlottenburg",
        "name:ja": "シャルロッテンブルク宮殿"
      },
      "geometry": {
        "type": "Point",
        "coordinates": [
          13.2964734,
          52.5196016
        ]
      },
      "id": "node/1318189981"
    },
    {
      "type": "Feature",
      "properties": {
        "@id": "node/1318189982",
        "amenity": "taxi",
        "capacity": "6",
        "name": "Mariendorfer Damm / Säntis"
      },
      "geometry": {
        "type": "Point",
        "coordinates": [
          13.3957246,
          52.4240548
        ]
      },
      "id": "node/1318189982"
    },
    {
      "type": "Feature",
      "properties": {
        "@id": "node/1318189984",
        "amenity": "taxi",
        "capacity": "5",
        "check_date": "2026-05-02",
        "name": "Straße der Pariser Kommune"
      },
      "geometry": {
        "type": "Point",
        "coordinates": [
          13.4410514,
          52.5179121
        ]
      },
      "id": "node/1318189984"
    },
    {
      "type": "Feature",
      "properties": {
        "@id": "node/1318189986",
        "amenity": "taxi",
        "capacity": "5",
        "check_date": "2024-03-10",
        "name": "Krankenhaus Joseph"
      },
      "geometry": {
        "type": "Point",
        "coordinates": [
          13.3745554,
          52.4788344
        ]
      },
      "id": "node/1318189986"
    },
    {
      "type": "Feature",
      "properties": {
        "@id": "node/1318189989",
        "addr:city": "Berlin",
        "addr:country": "DE",
        "amenity": "taxi",
        "capacity": "4",
        "name": "Schloss / Schildhorn"
      },
      "geometry": {
        "type": "Point",
        "coordinates": [
          13.3249011,
          52.4614034
        ]
      },
      "id": "node/1318189989"
    },
    {
      "type": "Feature",
      "properties": {
        "@id": "node/1318189996",
        "addr:city": "Berlin",
        "addr:country": "DE",
        "addr:postcode": "10117",
        "addr:street": "Leipziger Straße",
        "addr:suburb": "Mitte",
        "amenity": "taxi",
        "capacity": "4",
        "check_date": "2023-10-21",
        "name": "NH Hotel"
      },
      "geometry": {
        "type": "Point",
        "coordinates": [
          13.388593,
          52.5103557
        ]
      },
      "id": "node/1318189996"
    },
    {
      "type": "Feature",
      "properties": {
        "@id": "node/1318189997",
        "addr:city": "Berlin",
        "addr:country": "DE",
        "addr:suburb": "Köpenick",
        "amenity": "taxi",
        "capacity": "5",
        "name": "Ottomar-Geschke-Straße"
      },
      "geometry": {
        "type": "Point",
        "coordinates": [
          13.5629731,
          52.4464895
        ]
      },
      "id": "node/1318189997"
    },
    {
      "type": "Feature",
      "properties": {
        "@id": "node/1318190003",
        "addr:city": "Berlin",
        "addr:country": "DE",
        "amenity": "taxi",
        "capacity": "6",
        "check_date": "2023-06-10",
        "name": "Nauener"
      },
      "geometry": {
        "type": "Point",
        "coordinates": [
          13.3677422,
          52.5519585
        ]
      },
      "id": "node/1318190003"
    },
    {
      "type": "Feature",
      "properties": {
        "@id": "node/1318190007",
        "amenity": "taxi",
        "capacity": "10",
        "name": "Sigismundstraße"
      },
      "geometry": {
        "type": "Point",
        "coordinates": [
          13.3638749,
          52.5083037
        ]
      },
      "id": "node/1318190007"
    },
    {
      "type": "Feature",
      "properties": {
        "@id": "node/1318190023",
        "addr:city": "Berlin",
        "addr:country": "DE",
        "addr:postcode": "12207",
        "addr:street": "Osdorfer Straße",
        "addr:suburb": "Lichterfelde",
        "amenity": "taxi",
        "name": "Bhf. Osdorfer"
      },
      "geometry": {
        "type": "Point",
        "coordinates": [
          13.3151328,
          52.4171665
        ]
      },
      "id": "node/1318190023"
    },
    {
      "type": "Feature",
      "properties": {
        "@id": "node/1318190026",
        "amenity": "taxi",
        "capacity": "5",
        "name": "Reichstag"
      },
      "geometry": {
        "type": "Point",
        "coordinates": [
          13.3729562,
          52.5178401
        ]
      },
      "id": "node/1318190026"
    },
    {
      "type": "Feature",
      "properties": {
        "@id": "node/1318190040",
        "amenity": "taxi",
        "name": "Bhf. Hermsdorf"
      },
      "geometry": {
        "type": "Point",
        "coordinates": [
          13.307664,
          52.6183322
        ]
      },
      "id": "node/1318190040"
    },
    {
      "type": "Feature",
      "properties": {
        "@id": "node/1318190042",
        "amenity": "taxi",
        "name": "Nordbahnhof"
      },
      "geometry": {
        "type": "Point",
        "coordinates": [
          13.386558,
          52.5315433
        ]
      },
      "id": "node/1318190042"
    },
    {
      "type": "Feature",
      "properties": {
        "@id": "node/1318190043",
        "amenity": "taxi",
        "capacity": "5",
        "check_date": "2024-05-27",
        "name": "Sperlingsgasse"
      },
      "geometry": {
        "type": "Point",
        "coordinates": [
          13.3227282,
          52.4999445
        ]
      },
      "id": "node/1318190043"
    },
    {
      "type": "Feature",
      "properties": {
        "@id": "node/1318190061",
        "addr:city": "Berlin",
        "addr:country": "DE",
        "amenity": "taxi",
        "name": "Messe Halle ( Halle 14 / 15 )"
      },
      "geometry": {
        "type": "Point",
        "coordinates": [
          13.2793502,
          52.5048881
        ]
      },
      "id": "node/1318190061"
    },
    {
      "type": "Feature",
      "properties": {
        "@id": "node/1318190064",
        "addr:city": "Berlin",
        "addr:country": "DE",
        "amenity": "taxi",
        "check_date": "2023-07-30",
        "name": "Stuttgarter Platz"
      },
      "geometry": {
        "type": "Point",
        "coordinates": [
          13.3026651,
          52.5053914
        ]
      },
      "id": "node/1318190064"
    },
    {
      "type": "Feature",
      "properties": {
        "@id": "node/1318190068",
        "addr:city": "Berlin",
        "addr:country": "DE",
        "amenity": "taxi",
        "capacity": "5",
        "name": "Prinzen / Oslo",
        "service_times": "Mo-Su 07:00-23:00"
      },
      "geometry": {
        "type": "Point",
        "coordinates": [
          13.3826896,
          52.5561973
        ]
      },
      "id": "node/1318190068"
    },
    {
      "type": "Feature",
      "properties": {
        "@id": "node/1318772870",
        "addr:city": "Berlin",
        "addr:country": "DE",
        "addr:suburb": "Hellersdorf",
        "amenity": "taxi",
        "capacity": "6",
        "name": "Hellersdorf Süd"
      },
      "geometry": {
        "type": "Point",
        "coordinates": [
          13.5876605,
          52.5219659
        ]
      },
      "id": "node/1318772870"
    },
    {
      "type": "Feature",
      "properties": {
        "@id": "node/1318772871",
        "addr:city": "Berlin",
        "addr:country": "DE",
        "amenity": "taxi",
        "capacity": "3",
        "check_date": "2023-08-02",
        "name": "Wilhelmshöher"
      },
      "geometry": {
        "type": "Point",
        "coordinates": [
          13.3211466,
          52.4725727
        ]
      },
      "id": "node/1318772871"
    },
    {
      "type": "Feature",
      "properties": {
        "@id": "node/1318772872",
        "addr:city": "Berlin",
        "addr:country": "DE",
        "amenity": "taxi",
        "capacity": "7",
        "check_date": "2023-10-17",
        "name": "U-Bahnhof Johannisthaler"
      },
      "geometry": {
        "type": "Point",
        "coordinates": [
          13.4544541,
          52.429986
        ]
      },
      "id": "node/1318772872"
    },
    {
      "type": "Feature",
      "properties": {
        "@id": "node/1318772873",
        "amenity": "taxi",
        "capacity": "6",
        "name": "Georgenstraße"
      },
      "geometry": {
        "type": "Point",
        "coordinates": [
          13.3872512,
          52.5197403
        ]
      },
      "id": "node/1318772873"
    },
    {
      "type": "Feature",
      "properties": {
        "@id": "node/1318772874",
        "amenity": "taxi",
        "check_date": "2026-07-07",
        "name": "Bhf. Friedrichstraße"
      },
      "geometry": {
        "type": "Point",
        "coordinates": [
          13.3875398,
          52.5204833
        ]
      },
      "id": "node/1318772874"
    },
    {
      "type": "Feature",
      "properties": {
        "@id": "node/1318772876",
        "addr:city": "Berlin",
        "addr:country": "DE",
        "addr:housenumber": "89",
        "addr:postcode": "14163",
        "addr:street": "Fischerhüttenstraße",
        "addr:suburb": "Zehlendorf",
        "amenity": "taxi",
        "name": "Krumme Lanke"
      },
      "geometry": {
        "type": "Point",
        "coordinates": [
          13.2401567,
          52.4425053
        ]
      },
      "id": "node/1318772876"
    },
    {
      "type": "Feature",
      "properties": {
        "@id": "node/1318772877",
        "addr:city": "Berlin",
        "addr:country": "DE",
        "addr:suburb": "Steglitz",
        "amenity": "taxi",
        "name": "Walther-Schreiber"
      },
      "geometry": {
        "type": "Point",
        "coordinates": [
          13.3275694,
          52.4638192
        ]
      },
      "id": "node/1318772877"
    },
    {
      "type": "Feature",
      "properties": {
        "@id": "node/1318772878",
        "amenity": "taxi",
        "capacity": "3",
        "name": "Güntzel / Uhland"
      },
      "geometry": {
        "type": "Point",
        "coordinates": [
          13.3226533,
          52.4915556
        ]
      },
      "id": "node/1318772878"
    },
    {
      "type": "Feature",
      "properties": {
        "@id": "node/1318772879",
        "addr:city": "Berlin",
        "addr:country": "DE",
        "amenity": "taxi",
        "capacity": "2",
        "name": "Heuss / Linden"
      },
      "geometry": {
        "type": "Point",
        "coordinates": [
          13.2722135,
          52.5100678
        ]
      },
      "id": "node/1318772879"
    },
    {
      "type": "Feature",
      "properties": {
        "@id": "node/1318779445",
        "amenity": "taxi",
        "capacity": "2",
        "name": "Gartenstraße"
      },
      "geometry": {
        "type": "Point",
        "coordinates": [
          13.2591847,
          52.4318184
        ]
      },
      "id": "node/1318779445"
    },
    {
      "type": "Feature",
      "properties": {
        "@id": "node/1324974612",
        "addr:city": "Berlin",
        "addr:country": "DE",
        "addr:suburb": "Westend",
        "amenity": "taxi",
        "capacity": "4",
        "name": "U-Bahnhof Ruhleben"
      },
      "geometry": {
        "type": "Point",
        "coordinates": [
          13.2410501,
          52.5254801
        ]
      },
      "id": "node/1324974612"
    },
    {
      "type": "Feature",
      "properties": {
        "@id": "way/1454398151",
        "access": "no",
        "amenity": "taxi",
        "capacity": "2",
        "fee": "no",
        "orientation": "parallel",
        "restriction": "no_stopping",
        "restriction:taxi": "none",
        "taxi": "designated",
        "@geometry": "center"
      },
      "geometry": {
        "type": "Point",
        "coordinates": [
          13.5267946,
          52.4585554
        ]
      },
      "id": "way/1454398151"
    },
    {
      "type": "Feature",
      "properties": {
        "@id": "node/1852613229",
        "amenity": "taxi",
        "name": "Goltzstr. / Grunewaldstr."
      },
      "geometry": {
        "type": "Point",
        "coordinates": [
          13.3535888,
          52.4899637
        ]
      },
      "id": "node/1852613229"
    },
    {
      "type": "Feature",
      "properties": {
        "@id": "node/1874617246",
        "addr:city": "Berlin",
        "addr:country": "DE",
        "addr:postcode": "10785",
        "addr:street": "Hans-von-Bülow-Straße",
        "amenity": "taxi",
        "name": "Hotel Marriot",
        "wheelchair": "yes"
      },
      "geometry": {
        "type": "Point",
        "coordinates": [
          13.3759845,
          52.5107251
        ]
      },
      "id": "node/1874617246"
    },
    {
      "type": "Feature",
      "properties": {
        "@id": "node/1991661548",
        "amenity": "taxi",
        "capacity": "8",
        "name": "Anhalter Bahnhof",
        "phone": "+49 30 2623147",
        "wheelchair": "yes"
      },
      "geometry": {
        "type": "Point",
        "coordinates": [
          13.3816233,
          52.5040156
        ]
      },
      "id": "node/1991661548"
    },
    {
      "type": "Feature",
      "properties": {
        "@id": "node/2210516861",
        "amenity": "taxi",
        "name": "Staatsoper",
        "wheelchair": "yes"
      },
      "geometry": {
        "type": "Point",
        "coordinates": [
          13.3944826,
          52.5172547
        ]
      },
      "id": "node/2210516861"
    },
    {
      "type": "Feature",
      "properties": {
        "@id": "node/2210530421",
        "amenity": "taxi",
        "name": "Hotel de Rome"
      },
      "geometry": {
        "type": "Point",
        "coordinates": [
          13.3939523,
          52.5158851
        ]
      },
      "id": "node/2210530421"
    },
    {
      "type": "Feature",
      "properties": {
        "@id": "node/2210539100",
        "addr:housenumber": "32B",
        "addr:street": "Karl-Liebknecht-Straße",
        "amenity": "taxi",
        "name": "H4 Hotel Berlin-Alexanderplatz",
        "old_name": "Hotel Ramada",
        "traffic_sign": "DE:229"
      },
      "geometry": {
        "type": "Point",
        "coordinates": [
          13.4143067,
          52.5255726
        ]
      },
      "id": "node/2210539100"
    },
    {
      "type": "Feature",
      "properties": {
        "@id": "node/2210550432",
        "amenity": "taxi",
        "name": "Checkpoint Charlie"
      },
      "geometry": {
        "type": "Point",
        "coordinates": [
          13.3903341,
          52.5071146
        ]
      },
      "id": "node/2210550432"
    },
    {
      "type": "Feature",
      "properties": {
        "@id": "node/2210553448",
        "amenity": "taxi",
        "capacity": "3",
        "name": "Technikmuseum",
        "wheelchair": "yes"
      },
      "geometry": {
        "type": "Point",
        "coordinates": [
          13.3770998,
          52.4988671
        ]
      },
      "id": "node/2210553448"
    },
    {
      "type": "Feature",
      "properties": {
        "@id": "node/2211265322",
        "amenity": "taxi",
        "name": "Turmstr. / Stromstr."
      },
      "geometry": {
        "type": "Point",
        "coordinates": [
          13.3411857,
          52.5256558
        ]
      },
      "id": "node/2211265322"
    },
    {
      "type": "Feature",
      "properties": {
        "@id": "node/2211288783",
        "amenity": "taxi",
        "name": "Philharmonie"
      },
      "geometry": {
        "type": "Point",
        "coordinates": [
          13.3682983,
          52.5099082
        ]
      },
      "id": "node/2211288783"
    },
    {
      "type": "Feature",
      "properties": {
        "@id": "node/2211379643",
        "amenity": "taxi",
        "check_date": "2023-10-07",
        "name": "Senefelder Platz"
      },
      "geometry": {
        "type": "Point",
        "coordinates": [
          13.4121271,
          52.5317655
        ]
      },
      "id": "node/2211379643"
    },
    {
      "type": "Feature",
      "properties": {
        "@id": "node/2211387353",
        "amenity": "taxi",
        "check_date": "2023-05-09",
        "name": "Krankenhaus Friedrichshain"
      },
      "geometry": {
        "type": "Point",
        "coordinates": [
          13.4391118,
          52.5243333
        ]
      },
      "id": "node/2211387353"
    },
    {
      "type": "Feature",
      "properties": {
        "@id": "node/2211595028",
        "amenity": "taxi",
        "name": "Ordensmeisterstr."
      },
      "geometry": {
        "type": "Point",
        "coordinates": [
          13.3850433,
          52.4560407
        ]
      },
      "id": "node/2211595028"
    },
    {
      "type": "Feature",
      "properties": {
        "@id": "node/2211602067",
        "amenity": "taxi",
        "name": "Friedenstr."
      },
      "geometry": {
        "type": "Point",
        "coordinates": [
          13.3866509,
          52.4388868
        ]
      },
      "id": "node/2211602067"
    },
    {
      "type": "Feature",
      "properties": {
        "@id": "node/2211673321",
        "amenity": "taxi",
        "check_date": "2023-08-24",
        "name": "Zehlendorf Mitte"
      },
      "geometry": {
        "type": "Point",
        "coordinates": [
          13.2599256,
          52.4349053
        ]
      },
      "id": "node/2211673321"
    },
    {
      "type": "Feature",
      "properties": {
        "@id": "node/2211792179",
        "amenity": "taxi",
        "check_date": "2023-08-30",
        "name": "Rathaus Spandau"
      },
      "geometry": {
        "type": "Point",
        "coordinates": [
          13.2004393,
          52.5362678
        ]
      },
      "id": "node/2211792179"
    },
    {
      "type": "Feature",
      "properties": {
        "@id": "node/2211951818",
        "amenity": "taxi",
        "check_date": "2023-09-03",
        "name": "Märkisches Zentrum"
      },
      "geometry": {
        "type": "Point",
        "coordinates": [
          13.3547678,
          52.596687
        ]
      },
      "id": "node/2211951818"
    },
    {
      "type": "Feature",
      "properties": {
        "@id": "node/2211975309",
        "amenity": "taxi",
        "check_date": "2023-09-04",
        "name": "Karl-Bonhoeffer-Nervenklinik"
      },
      "geometry": {
        "type": "Point",
        "coordinates": [
          13.3332569,
          52.5788366
        ]
      },
      "id": "node/2211975309"
    },
    {
      "type": "Feature",
      "properties": {
        "@id": "node/2212036885",
        "amenity": "taxi",
        "check_date": "2025-06-28",
        "name": "Heliosklinik Buch"
      },
      "geometry": {
        "type": "Point",
        "coordinates": [
          13.51191,
          52.6320032
        ]
      },
      "id": "node/2212036885"
    },
    {
      "type": "Feature",
      "properties": {
        "@id": "node/2212109237",
        "amenity": "taxi",
        "name": "Unfallkrankenhaus Marzahn"
      },
      "geometry": {
        "type": "Point",
        "coordinates": [
          13.566283,
          52.5190149
        ]
      },
      "id": "node/2212109237"
    },
    {
      "type": "Feature",
      "properties": {
        "@id": "node/2212126916",
        "amenity": "taxi",
        "check_date": "2023-05-16",
        "name": "Krankenhaus Kaulsdorf"
      },
      "geometry": {
        "type": "Point",
        "coordinates": [
          13.5918603,
          52.5071724
        ]
      },
      "id": "node/2212126916"
    },
    {
      "type": "Feature",
      "properties": {
        "@id": "node/2212133295",
        "amenity": "taxi",
        "capacity": "6",
        "check_date": "2025-07-29",
        "name": "Volkradstr."
      },
      "geometry": {
        "type": "Point",
        "coordinates": [
          13.50814,
          52.49917
        ]
      },
      "id": "node/2212133295"
    },
    {
      "type": "Feature",
      "properties": {
        "@id": "node/2212165976",
        "addr:postcode": "10369",
        "amenity": "taxi",
        "check_date": "2023-04-19",
        "name": "Vienna House by Wyndham Andel‘s Berlin"
      },
      "geometry": {
        "type": "Point",
        "coordinates": [
          13.4569779,
          52.5285
        ]
      },
      "id": "node/2212165976"
    },
    {
      "type": "Feature",
      "properties": {
        "@id": "node/2212214464",
        "amenity": "taxi",
        "name": "Bahnhofstr. / Lindenstr."
      },
      "geometry": {
        "type": "Point",
        "coordinates": [
          13.5722701,
          52.4513788
        ]
      },
      "id": "node/2212214464"
    },
    {
      "type": "Feature",
      "properties": {
        "@id": "node/2212248996",
        "amenity": "taxi",
        "name": "Bohnsdorf"
      },
      "geometry": {
        "type": "Point",
        "coordinates": [
          13.5581664,
          52.4061611
        ]
      },
      "id": "node/2212248996"
    },
    {
      "type": "Feature",
      "properties": {
        "@id": "node/2212273534",
        "amenity": "taxi",
        "check_date": "2023-07-31",
        "name": "Columbia-Halle"
      },
      "geometry": {
        "type": "Point",
        "coordinates": [
          13.3921168,
          52.4843761
        ]
      },
      "id": "node/2212273534"
    },
    {
      "type": "Feature",
      "properties": {
        "@id": "node/2212294028",
        "amenity": "taxi",
        "name": "Speicher",
        "service_times": "Mo-Su 19:00-06:00"
      },
      "geometry": {
        "type": "Point",
        "coordinates": [
          13.4458441,
          52.5028378
        ]
      },
      "id": "node/2212294028"
    },
    {
      "type": "Feature",
      "properties": {
        "@id": "node/2212305598",
        "amenity": "taxi",
        "check_date": "2024-11-23",
        "name": "Hotel Scandic"
      },
      "geometry": {
        "type": "Point",
        "coordinates": [
          13.3746069,
          52.5046023
        ]
      },
      "id": "node/2212305598"
    },
    {
      "type": "Feature",
      "properties": {
        "@id": "node/2212308719",
        "amenity": "taxi",
        "check_date": "2026-02-10",
        "name": "Theater des Westens",
        "service_times": "Mo-Su 19:00-23:00"
      },
      "geometry": {
        "type": "Point",
        "coordinates": [
          13.3291329,
          52.5055238
        ]
      },
      "id": "node/2212308719"
    },
    {
      "type": "Feature",
      "properties": {
        "@id": "node/2212311139",
        "amenity": "taxi",
        "name": "Café Keese",
        "service_times": "19:00-06:00"
      },
      "geometry": {
        "type": "Point",
        "coordinates": [
          13.3168568,
          52.5121105
        ]
      },
      "id": "node/2212311139"
    },
    {
      "type": "Feature",
      "properties": {
        "@id": "node/2212313888",
        "amenity": "taxi",
        "name": "Deutsche Oper",
        "service_times": "Mo-Su 19:00-01:00"
      },
      "geometry": {
        "type": "Point",
        "coordinates": [
          13.3088109,
          52.5118999
        ]
      },
      "id": "node/2212313888"
    },
    {
      "type": "Feature",
      "properties": {
        "@id": "node/2212317117",
        "amenity": "taxi",
        "check_date": "2026-06-26",
        "name": "Abacus Tierpark Hotel"
      },
      "geometry": {
        "type": "Point",
        "coordinates": [
          13.5205525,
          52.500626
        ]
      },
      "id": "node/2212317117"
    },
    {
      "type": "Feature",
      "properties": {
        "@id": "node/2212343772",
        "amenity": "taxi",
        "check_date": "2025-10-05",
        "name": "Trabbrennbahn Mariendorf"
      },
      "geometry": {
        "type": "Point",
        "coordinates": [
          13.3870877,
          52.4306748
        ]
      },
      "id": "node/2212343772"
    },
    {
      "type": "Feature",
      "properties": {
        "@id": "node/2212349813",
        "amenity": "taxi",
        "check_date": "2026-09-04",
        "name": "Zingster Straße"
      },
      "geometry": {
        "type": "Point",
        "coordinates": [
          13.4967422,
          52.5702935
        ]
      },
      "id": "node/2212349813"
    },
    {
      "type": "Feature",
      "properties": {
        "@id": "node/3496882379",
        "addr:city": "Berlin",
        "addr:country": "DE",
        "amenity": "taxi",
        "capacity": "10",
        "name": "Rathaus Steglitz",
        "phone": "+49 30 7915889",
        "service_times": "24/7"
      },
      "geometry": {
        "type": "Point",
        "coordinates": [
          13.322123,
          52.4566968
        ]
      },
      "id": "node/3496882379"
    },
    {
      "type": "Feature",
      "properties": {
        "@id": "node/3776466993",
        "access": "yes",
        "addr:housenumber": "6",
        "addr:street": "Kirchstraße",
        "amenity": "taxi",
        "capacity": "1",
        "name": "Amtsgericht Tiergarten",
        "opening_hours": "Mo-Fr 08:00-16:00; Sa-Su off",
        "source": "survey",
        "taxi_vehicle": "motorcar",
        "wheelchair": "yes"
      },
      "geometry": {
        "type": "Point",
        "coordinates": [
          13.3489789,
          52.5233419
        ]
      },
      "id": "node/3776466993"
    },
    {
      "type": "Feature",
      "properties": {
        "@id": "node/3789285913",
        "amenity": "taxi",
        "name": "City Cube",
        "name:de": "City Cube",
        "service_times": "\"During exhibition hours\""
      },
      "geometry": {
        "type": "Point",
        "coordinates": [
          13.2726192,
          52.5000594
        ]
      },
      "id": "node/3789285913"
    },
    {
      "type": "Feature",
      "properties": {
        "@id": "node/3919457775",
        "amenity": "taxi",
        "name": "Brandenburger Tor"
      },
      "geometry": {
        "type": "Point",
        "coordinates": [
          13.3757675,
          52.5162919
        ]
      },
      "id": "node/3919457775"
    },
    {
      "type": "Feature",
      "properties": {
        "@id": "node/3950765351",
        "addr:housenumber": "3",
        "addr:street": "Stralauer Allee",
        "amenity": "taxi",
        "name": "nhow Hotel",
        "wheelchair": "yes"
      },
      "geometry": {
        "type": "Point",
        "coordinates": [
          13.4508624,
          52.5013021
        ]
      },
      "id": "node/3950765351"
    },
    {
      "type": "Feature",
      "properties": {
        "@id": "node/4073423724",
        "amenity": "taxi",
        "check_date": "2026-05-07",
        "name": "Am Festplatz"
      },
      "geometry": {
        "type": "Point",
        "coordinates": [
          13.3041501,
          52.5517668
        ]
      },
      "id": "node/4073423724"
    },
    {
      "type": "Feature",
      "properties": {
        "@id": "node/4174670481",
        "amenity": "taxi",
        "name": "Rathaus Marzahn"
      },
      "geometry": {
        "type": "Point",
        "coordinates": [
          13.5435022,
          52.526073
        ]
      },
      "id": "node/4174670481"
    },
    {
      "type": "Feature",
      "properties": {
        "@id": "node/4221641990",
        "amenity": "taxi",
        "check_date": "2023-03-03",
        "name": "Acker / Bernauer"
      },
      "geometry": {
        "type": "Point",
        "coordinates": [
          13.390533,
          52.5351919
        ]
      },
      "id": "node/4221641990"
    },
    {
      "type": "Feature",
      "properties": {
        "@id": "node/4530641638",
        "amenity": "taxi",
        "capacity": "5",
        "name": "Hauptbahnhof Nachrückhalteplatz Washingtonplatz",
        "name:de": "Hauptbahnhof Nachrückhalteplatz Washingtonplatz"
      },
      "geometry": {
        "type": "Point",
        "coordinates": [
          13.3687843,
          52.5241589
        ]
      },
      "id": "node/4530641638"
    },
    {
      "type": "Feature",
      "properties": {
        "@id": "node/4673721895",
        "amenity": "taxi",
        "capacity": "3",
        "name": "Danziger Straße/Knaackstraße",
        "wheelchair": "yes"
      },
      "geometry": {
        "type": "Point",
        "coordinates": [
          13.4146577,
          52.5404567
        ]
      },
      "id": "node/4673721895"
    },
    {
      "type": "Feature",
      "properties": {
        "@id": "node/5117609140",
        "amenity": "taxi",
        "capacity": "5",
        "name": "Bhf. Louis-Lewin"
      },
      "geometry": {
        "type": "Point",
        "coordinates": [
          13.6200252,
          52.5390331
        ]
      },
      "id": "node/5117609140"
    },
    {
      "type": "Feature",
      "properties": {
        "@id": "node/5195042018",
        "amenity": "taxi",
        "capacity": "4",
        "name": "Friedrich-Ludwig-Jahn-Sportpark"
      },
      "geometry": {
        "type": "Point",
        "coordinates": [
          13.4079995,
          52.5415148
        ]
      },
      "id": "node/5195042018"
    },
    {
      "type": "Feature",
      "properties": {
        "@id": "node/5520815859",
        "amenity": "taxi",
        "name": "Hanna-Renate-Laurien-Platz"
      },
      "geometry": {
        "type": "Point",
        "coordinates": [
          13.342735,
          52.4386316
        ]
      },
      "id": "node/5520815859"
    },
    {
      "type": "Feature",
      "properties": {
        "@id": "node/5765460952",
        "amenity": "taxi",
        "capacity": "5",
        "name": "Rathaus/Mitte"
      },
      "geometry": {
        "type": "Point",
        "coordinates": [
          13.4069521,
          52.5183671
        ]
      },
      "id": "node/5765460952"
    },
    {
      "type": "Feature",
      "properties": {
        "@id": "node/8388477761",
        "amenity": "taxi",
        "name": "Rollberg"
      },
      "geometry": {
        "type": "Point",
        "coordinates": [
          13.4274848,
          52.4784008
        ]
      },
      "id": "node/8388477761"
    },
    {
      "type": "Feature",
      "properties": {
        "@id": "node/8911173849",
        "amenity": "taxi",
        "capacity": "3"
      },
      "geometry": {
        "type": "Point",
        "coordinates": [
          13.5757367,
          52.4474406
        ]
      },
      "id": "node/8911173849"
    },
    {
      "type": "Feature",
      "properties": {
        "@id": "node/9366188788",
        "amenity": "taxi",
        "name": "Alt-Glienicke Süd"
      },
      "geometry": {
        "type": "Point",
        "coordinates": [
          13.5254156,
          52.4066413
        ]
      },
      "id": "node/9366188788"
    },
    {
      "type": "Feature",
      "properties": {
        "@id": "node/9511989247",
        "addr:city": "Berlin",
        "addr:street": "Leipziger Platz",
        "amenity": "taxi",
        "opening_hours": "Mo-Sa 09:00-22:00",
        "wheelchair": "limited"
      },
      "geometry": {
        "type": "Point",
        "coordinates": [
          13.3793679,
          52.5100978
        ]
      },
      "id": "node/9511989247"
    },
    {
      "type": "Feature",
      "properties": {
        "@id": "node/10247772536",
        "amenity": "taxi",
        "capacity": "6",
        "name": "Berghain",
        "opening_hours": "Fr-Mo 22:00-06:00"
      },
      "geometry": {
        "type": "Point",
        "coordinates": [
          13.4420976,
          52.510555
        ]
      },
      "id": "node/10247772536"
    },
    {
      "type": "Feature",
      "properties": {
        "@id": "node/10873466288",
        "amenity": "taxi",
        "name": "Ostkreuz"
      },
      "geometry": {
        "type": "Point",
        "coordinates": [
          13.470785,
          52.502331
        ]
      },
      "id": "node/10873466288"
    },
    {
      "type": "Feature",
      "properties": {
        "@id": "node/11010250552",
        "amenity": "taxi",
        "wheelchair": "limited"
      },
      "geometry": {
        "type": "Point",
        "coordinates": [
          13.4498522,
          52.4967502
        ]
      },
      "id": "node/11010250552"
    },
    {
      "type": "Feature",
      "properties": {
        "@id": "node/12070513772",
        "amenity": "taxi",
        "capacity": "3",
        "name:signed": "no"
      },
      "geometry": {
        "type": "Point",
        "coordinates": [
          13.3296431,
          52.4953667
        ]
      },
      "id": "node/12070513772"
    },
    {
      "type": "Feature",
      "properties": {
        "@id": "node/12075058182",
        "amenity": "taxi"
      },
      "geometry": {
        "type": "Point",
        "coordinates": [
          13.3680951,
          52.5245098
        ]
      },
      "id": "node/12075058182"
    },
    {
      "type": "Feature",
      "properties": {
        "@id": "node/13105820252",
        "amenity": "taxi",
        "name": "Helios Klinikum Emil von Behring"
      },
      "geometry": {
        "type": "Point",
        "coordinates": [
          13.2526309,
          52.4225541
        ]
      },
      "id": "node/13105820252"
    },
    {
      "type": "Feature",
      "properties": {
        "@id": "node/13305063031",
        "amenity": "taxi",
        "name": "Krankenhaus Hedwigshöhe"
      },
      "geometry": {
        "type": "Point",
        "coordinates": [
          13.5681303,
          52.4060522
        ]
      },
      "id": "node/13305063031"
    },
    {
      "type": "Feature",
      "properties": {
        "@id": "node/13335768623",
        "amenity": "taxi",
        "capacity": "18",
        "name": "Sisyphos",
        "opening_hours": "Mo 00:00-06:00; Fr 23:00-24:00; Sa,Su 00:00-24:00"
      },
      "geometry": {
        "type": "Point",
        "coordinates": [
          13.4914025,
          52.4926628
        ]
      },
      "id": "node/13335768623"
    },
    {
      "type": "Feature",
      "properties": {
        "@id": "node/13395269751",
        "amenity": "taxi",
        "capacity": "6",
        "name": "Kulturbrauerei",
        "opening_hours": "00:00-09:00"
      },
      "geometry": {
        "type": "Point",
        "coordinates": [
          13.412435,
          52.538604
        ]
      },
      "id": "node/13395269751"
    },
    {
      "type": "Feature",
      "properties": {
        "@id": "node/13415698674",
        "amenity": "taxi",
        "name": "Hackescher Markt Nachrückplatz",
        "opening_hours": "23:00-07:00"
      },
      "geometry": {
        "type": "Point",
        "coordinates": [
          13.4028335,
          52.5235065
        ]
      },
      "id": "node/13415698674"
    },
    {
      "type": "Feature",
      "properties": {
        "@id": "node/13496001907",
        "amenity": "taxi",
        "capacity": "6",
        "name": "Hotel Berlin Nachrückestand"
      },
      "geometry": {
        "type": "Point",
        "coordinates": [
          13.3528901,
          52.5042114
        ]
      },
      "id": "node/13496001907"
    },
    {
      "type": "Feature",
      "properties": {
        "@id": "node/13543704224",
        "amenity": "taxi",
        "name": "Amtsgericht Tiergarten"
      },
      "geometry": {
        "type": "Point",
        "coordinates": [
          13.3516844,
          52.5260168
        ]
      },
      "id": "node/13543704224"
    },
    {
      "type": "Feature",
      "properties": {
        "@id": "node/13573272432",
        "amenity": "taxi",
        "capacity": "7"
      },
      "geometry": {
        "type": "Point",
        "coordinates": [
          13.4134464,
          52.5237029
        ]
      },
      "id": "node/13573272432"
    },
    {
      "type": "Feature",
      "properties": {
        "@id": "node/13645098989",
        "amenity": "taxi",
        "name": "Berlinicke",
        "phone": "+49 30 7523446"
      },
      "geometry": {
        "type": "Point",
        "coordinates": [
          13.3785168,
          52.4659365
        ]
      },
      "id": "node/13645098989"
    }
  ]
}